CDS_Id,Name,n,mean_z,std_z,skew_z,excess_kurtosis_z,KS_stat,KS_p,JB_stat,JB_p,exceed_abs_z_gt_2,exceed_abs_z_gt_3,c,chi,n_train,n_oot,KS_stat_diag,KS_p_diag
2,Accor,434,-0.011285019334903012,1.137878799067995,0.1801212032007126,-0.7734369129568526,0.15797825347938727,6.293839419902657e-10,13.285898497439772,0.0013031781741325505,0.03456221198156682,0.004608294930875576,0.8086128834948071,0.024211192140715983,1732.0,434.0,0.1481172502273792,8.936397515681233e-09
3,Adecco,433,-0.021038268002308135,1.46144436548268,0.17522868573368827,-0.6016496642875118,0.2053225318582137,1.7451514662323836e-16,8.881959297625585,0.011784388301087662,0.17090069284064666,0.018475750577367205,0.7944452235980044,0.00993371932810475,1732.0,433.0,0.1478368889666627,1.0043712052673136e-08
6,Aegon,437,0.034605017377974286,1.1546815195103384,0.34115503720202844,1.2683158280679203,0.12444796581711959,2.338197821119385e-06,36.42268385921843,1.2328626393202505e-08,0.08009153318077804,0.016018306636155607,1.462515934763921,0.042420917124034806,1747.0,437.0,0.12453062228253298,2.296122396678352e-06
9,Ahold,434,-0.04264518339581312,0.9185064766526162,0.2543611894897926,0.004021295060926633,0.19828931527958138,1.9793831244129858e-15,4.649356998791058,0.09781488654183884,0.02534562211981567,0.002304147465437788,1.090576001505299,0.03498548148944392,1732.0,434.0,0.17703895851143847,2.2725873231952266e-12
12,Air Liquide,434,1.2168233206284624,25.779812803310076,2.0196693495253775,16.837552326849956,0.2073732718894009,7.570547642702521e-17,5294.327305163908,0.0,0.41013824884792627,0.41013824884792627,2.296153565445397,0.002470643415658527,1732.0,434.0,0.29704002785945643,1.9267012436155953e-34
13,Akzo Nobel,434,-0.03722426949312806,0.8238031560277685,0.17100610399816626,-0.16910304413848554,0.20181634424368144,5.675540009458475e-16,2.6927682188566147,0.2601793418444091,0.004608294930875576,0.0,0.8086422447751054,0.044733863488925184,1732.0,434.0,0.1709196671194697,1.4847376306892214e-11
18,Allianz,434,0.024084844832056522,0.8867995652571173,0.2583837934074447,0.7399712850205287,0.15422425787740102,1.7639417445856622e-09,14.109876633509224,0.0008631359764702143,0.03225806451612903,0.002304147465437788,1.4659598701916972,0.06814397713542579,1736.0,434.0,0.16327178110033325,1.4096946920205156e-10
19,Allied Domecq,437,0.7284905181192288,28.35680701625033,0.27264133424807263,7.286509648671055,0.2280249861227424,1.8776656073002992e-20,946.6001688396079,2.8079220813439714e-206,0.2517162471395881,0.2151029748283753,1.5,0.00015283509093677594,1747.0,437.0,0.35724215229396217,2.0020507751477149e-50
20,Alstom,434,0.01180477932379111,0.6335832833148243,0.4684164883517609,2.1894866799380504,0.18180633168038773,5.024241719469033e-13,99.39432903620143,2.610932736418377e-22,0.01152073732718894,0.002304147465437788,1.3261476832229913,0.06761768305225271,1732.0,434.0,0.1824473716678603,4.0885604355253494e-13
21,Altadis,434,-0.006391636460683506,1.2468427264943784,-0.020750380258226734,1.850932973681009,0.2409807927151325,1.1450021086617901e-22,59.65956927774174,1.1094024866260648e-13,0.20967741935483872,0.02304147465437788,1.060904258746577,0.013685534825869846,1732.0,434.0,0.2540654734220418,3.5020581037494245e-25
24,Anglo American,434,0.08290737474642086,0.9618107601549573,0.0991672486858638,-0.1582376984110727,0.07821690222102529,0.009335580226841075,1.2303458717725464,0.54054740718089,0.029953917050691243,0.002304147465437788,1.3905977416667405,0.061791982560626395,1732.0,434.0,0.05283304684390189,0.17104119549369357
25,Arcelor Mittal,434,0.04486902370182573,1.0206123683456487,0.15805538611533912,-0.3496882459387356,0.05834553851372076,0.10011116670918929,4.1311624189794225,0.12674460398979157,0.04608294930875576,0.002304147465437788,1.3769123314809966,0.05330842513146557,1732.0,434.0,0.05690235085132911,0.11577950427960049
27,Arcelor Finance,434,0.19571143229397028,20.60202203917758,0.7315361031017397,9.668600156749921,0.3870967741935484,4.784274261751847e-59,1685.5377830732555,0.0,0.15207373271889402,0.1497695852534562,1.5,0.0001489258723535447,1732.0,434.0,0.41450288135743196,5.156208123429997e-68
29,Astrazeneca,434,0.4071437596973329,9.346695604120569,0.552953653954469,4.9869859956146145,0.19354838709061295,1.023738517637777e-14,458.97116229498465,2.166099645512257e-100,0.35714285714285715,0.35714285714285715,1.5730242953872724,0.001845877354097515,1732.0,434.0,0.2796993113512585,1.6133629416725576e-30
30,Auchan,434,0.0036580912402717305,1.0494012060225393,0.08777691733735776,-0.5846233637482268,0.1586371126804602,5.238786427968755e-10,6.884660608953824,0.03199005184123812,0.03917050691244239,0.0,0.9034082392451134,0.029960628330629697,1732.0,434.0,0.1631442743051329,1.462291342036292e-10
31,Atlantia,433,0.035938569401397856,2.3415622769235407,0.10668868363236425,0.35647159206651624,0.22357900251369034,1.6995790323179377e-19,2.883536934671818,0.2365091299546418,0.4780600461893764,0.22170900692840648,0.9361262495029818,0.0049095190235091445,1732.0,433.0,0.19277884861798766,1.4351515835160753e-14
34,Aviva,434,0.04414927945931287,1.0471630371749132,1.6696632267225684,14.27079302749349,0.13987107950972555,7.190286001161863e-08,3791.895833974721,0.0,0.04838709677419355,0.01152073732718894,1.843041185049042,0.0540738925052019,1736.0,434.0,0.13622477190949145,1.7393685514695125e-07
37,AXA,437,0.022423417027535992,1.0767611487079753,0.6349025759338488,3.3867314329292766,0.1457837899378246,1.4358965455507894e-08,231.60297485366107,5.10567321137726e-51,0.059496567505720827,0.009153318077803204,1.6105827674051592,0.050581522793762414,1747.0,437.0,0.154546990563508,1.39915199677763e-09
38,LHR Airports,434,0.04183414083462792,0.6810098476427647,0.19483746056631254,0.49572715232801334,0.2534562211981567,4.618772982519945e-25,6.828329903046991,0.03290387156049086,0.002304147465437788,0.0,0.5225642726279596,0.0411204621908291,1732.0,434.0,0.26642693144352453,1.094338510968893e-27
39,BASF,434,0.028555443436956623,1.2353588124123245,0.28813701553982113,1.1515162992048058,0.21817182392302292,1.2833238922698402e-18,28.830209847707046,5.490342979705767e-07,0.12672811059907835,0.02304147465437788,1.2425005887340848,0.02753262689056759,1732.0,434.0,0.23495265179357405,1.4794407667182079e-21
40,British American Tobacco,434,0.0988542058760668,10.48752708867055,0.7717754852248226,3.4582700832950177,0.2511520737327189,1.3072581094934452e-24,252.41634079392568,1.5434338666858233e-55,0.4838709677419355,0.4838709677419355,1.3866409071025594,0.0011900213584729248,1732.0,434.0,0.2359611116095528,9.688347982783265e-22
41,Bayer,430,0.012434686364659242,0.7739763927464793,0.09798399998365143,-0.3328337844018745,0.16319384515850613,1.786224492342047e-10,2.7898812875933987,0.2478477472319062,0.0,0.0,0.6695844776645308,0.06461004202907782,1720.0,430.0,0.1366416796353862,1.8288946652106903e-07
43,Bertelsmann,434,-0.00394991788598853,0.6724496943511429,0.23422492451180177,0.19688721254574304,0.20437703413051633,2.258995019805219e-16,4.532228479943381,0.10371440739620563,0.004608294930875576,0.0,1.2525813921981759,0.06602447303865239,1732.0,434.0,0.19048882186909533,2.892553544418079e-14
45,BMW,434,0.01557069582218699,1.0147712374911362,0.9147445548133598,3.4134119758504324,0.15387257439876745,1.9402218676975155e-09,264.3121116430881,4.0304562063125055e-58,0.03917050691244239,0.01152073732718894,1.3562903478702293,0.050333335073934365,1732.0,434.0,0.16023247932041296,3.3487179197051763e-10
48,Alliance Boots,433,0.0029741432366428406,0.30277717527289055,1.8159238047562862,29.667028813926912,0.4104057450690443,1.7834644527910382e-66,15737.326732383626,0.0,0.0023094688221709007,0.0,1.4930237919825133,0.028185404600225724,1732.0,433.0,0.3208325349254265,3.759288674565348e-40
49,Bouygues,434,-0.03842131303486833,1.102187651202304,0.20289386221666292,0.443092293035527,0.1927096005114859,1.3633121326217282e-14,6.2112849557918475,0.044795729046200314,0.055299539170506916,0.009216589861751152,1.1189175270507201,0.02705712376413079,1732.0,434.0,0.18258384988381493,3.9126761170384087e-13
52,BAE Systems,434,0.016751971238548453,1.0356370521658576,0.13706071577051043,-0.3725080288524336,0.1589861751152074,4.75200155252863e-10,3.988557796177968,0.1361117692440264,0.03225806451612903,0.002304147465437788,0.8194800518064537,0.0246497209002456,1732.0,434.0,0.16543899386071848,7.52976452334522e-11
54,BT Group,434,0.009447317765841306,0.7421813198094411,0.6133307526906417,3.835228043170451,0.18176320858801986,5.094242480262603e-13,285.0475839531904,1.2667870196144635e-62,0.016129032258064516,0.004608294930875576,1.4967608132105574,0.050277878642501,1732.0,434.0,0.18354715189596382,2.865941987587442e-13
55,BSkyB,434,0.007007344385715074,1.162477984114295,0.33263539791859426,0.08520437387114033,0.16359447004608296,1.2847151870721816e-10,8.037843172958276,0.01797233610281805,0.059907834101382486,0.004608294930875576,1.0640417587193358,0.02274560079380708,1732.0,434.0,0.1659992545300656,6.394087159078881e-11
57,Cadbury Schweppes,437,-0.028335276343188227,1.722145976544743,0.3193615776142177,5.40111832875737,0.23843902329898092,2.4039096698295657e-22,523.8450791156522,1.772092485418732e-114,0.15102974828375287,0.15102974828375287,1.1680272134957672,0.006337245690961175,1745.0,437.0,0.3059523519231795,8.311534079360377e-37
59,Carlton Communications,434,0.3056928409287845,9.195160585005,5.171956493740612,72.49700649364831,0.14132602889248014,5.021034626983265e-08,94758.07811136742,0.0,0.2903225806451613,0.271889400921659,1.5,0.000623753337362698,1732.0,434.0,0.2867292953412496,4.447055355677598e-32
60,Carrefour,434,-0.03678319101901098,0.9294292200580869,0.2892730672397205,-0.2542670201332604,0.1910508883136408,2.393141377469313e-14,7.282213332813855,0.026223307448350632,0.018433179723502304,0.002304147465437788,1.1096826251625802,0.040283471857220865,1732.0,434.0,0.1730597311938804,7.76108849722469e-12
61,Casino,434,0.06390440399166224,0.9157316550706981,0.3798344954209372,1.388944990627241,0.11137433335044927,3.820357184719472e-05,43.771437005768604,3.127182461334197e-10,0.029953917050691243,0.0069124423963133645,1.3079429776573246,0.04936971879263458,1732.0,434.0,0.10195107033844225,0.00022188654550652629
67,Compass Group,434,0.42398327905827005,16.42152056789569,1.309611985666103,12.250877690369041,0.23189017203398798,5.2885436690203325e-21,2769.206469264092,0.0,0.423963133640553,0.423963133640553,2.5463829999972973,0.005268102362335402,1732.0,434.0,0.2852735511499396,9.429031680778126e-32
68,Continental,434,0.004950011890488363,0.7678385769113056,0.4458739815060049,3.4783049129515176,0.17797258768241986,1.6965548668554903e-12,226.35612366298426,7.037076529379724e-50,0.013824884792626729,0.0069124423963133645,1.569794257235772,0.05562385065019853,1732.0,434.0,0.1779248202591308,1.722185208682696e-12
70,Daimler,434,0.026362884744471366,1.0771736795930573,0.9086958077760033,3.993263214770524,0.14306319765837872,3.254191096397744e-08,339.1241532525015,2.291531234140609e-74,0.05069124423963134,0.009216589861751152,1.4074741822060703,0.04862181158670608,1732.0,434.0,0.1539639625076099,1.8928274442425533e-09
71,Danone,433,-0.02303546911127097,1.3354624449605996,0.24439871948810546,0.04154149884116043,0.1956588803222773,5.348578458829905e-15,4.2941113827692465,0.11682762847653186,0.15704387990762125,0.018475750577367205,1.0532148179623102,0.017515080453839864,1730.0,433.0,0.20428494822608467,2.540890461336733e-16
72,Degussa,434,0.04314231153251358,1.0151668082760015,0.39946637671369484,4.108067883246183,0.23557108428636342,1.1414372265879363e-21,307.6498864181076,1.5655825975877918e-67,0.14746543778801843,0.016129032258064516,0.7359489123501832,0.005354249500761083,1732.0,434.0,0.2358430590067549,1.0181555922827504e-21
73,Deutsche Bahn,434,-0.07588450133085663,1.207630726721733,-0.06873169242606264,3.3559309967188096,0.20967741935483875,3.229443746926375e-17,197.6966932652508,1.176815858444157e-43,0.10829493087557604,0.0944700460829493,0.6575078366273222,0.004686645751428817,1732.0,434.0,0.18462536961709874,2.0186599686736316e-13
74,Deutsche Post,434,0.4234259767947109,12.82200349608622,1.563360183638507,10.393231930526987,0.2506414150713361,1.64402336618461e-24,2079.189726264598,0.0,0.3778801843317972,0.3778801843317972,2.3307108031614945,0.005833489139135966,1732.0,434.0,0.3132259881299878,2.4629296813659043e-38
75,Deutsche Telekom,434,-0.02433102526082924,0.8438407449432027,0.17681512909145,-0.2998892452570252,0.18101909486220824,6.464560374995644e-13,3.986263589579453,0.13626799308890744,0.0069124423963133645,0.002304147465437788,1.060772108331164,0.04973542365341081,1732.0,434.0,0.1630393052471516,1.5070276390996927e-10
76,Diageo,434,-0.008631458698275592,1.4953152307662136,0.2777021725406261,0.42295012180377123,0.1863017852704349,1.1657154524736257e-13,8.49558291968898,0.014295771855966762,0.1935483870967742,0.03225806451612903,1.1370222841956428,0.017311240147633168,1732.0,434.0,0.18650460919868062,1.0904110340683234e-13
78,DSG International,437,0.007530371188222593,0.6166811051789712,-0.8848605019860656,7.360252309521208,0.25406999954515647,2.3589722798619493e-25,1017.0433336142656,1.418554995296148e-221,0.006864988558352402,0.002288329519450801,1.6073265367761052,0.04779464187847374,1745.0,437.0,0.2236003431796164,1.1245360213986336e-19
80,DSM,437,-0.23058653668390253,11.33976257062402,0.5304117342972239,5.324206674768082,0.23798627002288328,2.9177682337434025e-22,522.1762415000677,4.08197055623081e-114,0.4462242562929062,0.4462242562929062,1.7043386014258215,0.0019600080146851234,1747.0,437.0,0.26010112509632544,1.4385185877727434e-26
81,EADS,434,0.006289769829202847,1.3882716993274125,0.1772048207950043,-0.3535681316840975,0.1716405345032197,1.194408776751361e-11,4.642465896117941,0.09815249404288529,0.14746543778801843,0.01152073732718894,0.8364659890651679,0.016304437188514338,1732.0,434.0,0.14759642497532033,1.0231016287834638e-08
82,EDF,437,0.034202169825489986,0.8637721209489412,-0.011867452058444417,-0.9355792318010554,0.11327231121281467,2.434792776880965e-05,16.051439359837786,0.00032694464592309465,0.004576659038901602,0.0,0.9199921299174552,0.05167674885585502,1747.0,437.0,0.12677648833290667,1.3953765863676443e-06
83,Edison,436,0.01978953505491684,1.0014493256264623,0.7028126858290423,3.281966122213145,0.23453866046981298,1.4078868288404453e-21,225.26207486992905,1.2160794538465352e-49,0.03669724770642202,0.011467889908256881,1.1124161567349713,0.029862982473838066,1744.0,436.0,0.24244727735284288,4.791645490560942e-23
84,Energias de Portugal,437,0.039333110791309245,1.0346003437742843,0.07279318164506232,1.0259540085485996,0.07106542508490443,0.023029794517680106,18.611810707458357,9.088593004641711e-05,0.05263157894736842,0.009153318077803204,1.3370830937451275,0.04913128978448152,1747.0,437.0,0.05674269558458034,0.1153795930997682
85,Electrolux,434,-0.029834865163578368,0.612195579792451,0.14783933707914215,-0.5216843298368721,0.19522644244996057,5.749494708694658e-15,6.639803575736594,0.036156382575084085,0.0,0.0,0.7543547783501133,0.10017603844689638,1732.0,434.0,0.16028906042483804,3.2957118561310424e-10
88,Endesa,434,0.01458412606924118,0.59859234893184,0.7277258503103958,2.672968672308645,0.20534106406474517,1.591974487449733e-16,162.97814015935586,4.071425843118047e-36,0.0069124423963133645,0.002304147465437788,1.4295223804040025,0.058214701117880546,1732.0,434.0,0.2090616483897152,4.0590464044744085e-17
90,ENEL,434,0.027241418277430582,0.8183432884525804,-0.13506291277042654,2.093796952282573,0.14195426105463416,4.294847720816432e-08,77.74808409238618,1.3098394005604925e-17,0.016129032258064516,0.0069124423963133645,1.3914825614644064,0.052507274491983516,1732.0,434.0,0.13251733897457257,4.1680679778104825e-07
91,EnBW,437,-0.0016568598870541611,0.7126202039091626,0.12054244822831228,0.6028548111775578,0.18232136309305613,3.482722691896914e-13,7.224591648223471,0.026989811822070792,0.011441647597254004,0.0,1.199608316584572,0.058826677072587104,1747.0,437.0,0.17326356116077224,6.0833927844138844e-12
92,ENI,434,0.030033174882065514,1.2843722106088484,0.19355474024677366,-0.2958809493695318,0.14848625746521515,8.117193601788065e-09,4.38744780682023,0.11150075649347739,0.0967741935483871,0.020737327188940093,1.0912321753653724,0.027433527398145856,1732.0,434.0,0.12267076691402123,3.771437257416068e-06
93,E.ON,434,0.023176165620491206,0.8549638931603457,0.04522476027895114,-0.9594045143731327,0.13824884792626724,1.0683128065753924e-07,16.888301339119142,0.0002151552559893878,0.0069124423963133645,0.0,0.8442843692524893,0.04856273900444457,1732.0,434.0,0.14906195967662705,6.983107688162224e-09
94,Ericsson,433,2.1547174518179864,48.98822647820547,0.833218911133389,3.9920531864772775,0.26199809910280725,1.0276003721760397e-26,328.7302002512705,4.1413696644068196e-72,0.5242494226327945,0.5103926096997691,1.5,0.00017917935853795086,1732.0,433.0,0.2495545271995066,3.0334556469925722e-24
97,Finmeccanica,434,0.018223884899655984,0.8581028144358742,-0.04719033254824855,-0.30367847751825083,0.09964829064230857,0.0003330528929668208,1.9427339376974748,0.37856519741590755,0.009216589861751152,0.002304147465437788,1.060334636302528,0.05193538061270325,1732.0,434.0,0.08304728251982357,0.004724836281055169
103,Fortum,434,0.023028499828146615,1.0769618587518979,0.11163596549446385,-0.2192402865704275,0.14746543778801846,1.0584316265567392e-08,1.8561371212328208,0.39531650335382745,0.04608294930875576,0.0069124423963133645,1.091502238357465,0.028039821878595602,1732.0,434.0,0.15747779777958826,7.231302789035784e-10
105,Orange,434,-0.00376803360413936,1.019590505609116,0.06192636259137249,-0.69504783155943,0.13344928006609919,3.353723196995052e-07,9.158073561192955,0.010264778770229032,0.016129032258064516,0.002304147465437788,1.0290906017239938,0.03366503553747256,1732.0,434.0,0.12782113127706984,1.2175224963041726e-06
106,Gallaher,434,0.47700065560704374,22.166760994491458,1.468402490343199,12.627385523407957,0.20049041508806648,9.101680070939488e-16,2966.224378534381,0.0,0.2764976958525346,0.20046082949308755,1.5,0.0003352329869259485,1732.0,434.0,0.3543477224263307,2.9496491340695132e-49
107,Gas Natural,436,0.03423468483403867,0.7975196763195137,-0.0022543771803316937,0.8690603592982478,0.13494928512218363,2.189776879169246e-07,12.98398297227667,0.0015155278480655646,0.011467889908256881,0.0045871559633027525,1.3395399717404795,0.05553526345693721,1744.0,436.0,0.11485017206964793,1.8202753219811307e-05
108,GDF Suez,437,0.0044007742352482,1.0479367647842677,0.08366970948101636,-0.4441286014777379,0.1491171249597708,6.019231968086004e-09,4.238968266387036,0.12009356481840266,0.034324942791762014,0.004576659038901602,1.0469735316729099,0.0315182202061894,1747.0,437.0,0.1527997009157871,2.2505889826241658e-09
111,Generali,434,0.053502009916268106,0.9333304356902223,0.3624079160203165,1.800313491384042,0.11198321697587055,3.3915489283785576e-05,65.8222888798969,5.09180281238609e-15,0.029953917050691243,0.009216589861751152,1.5642767642664872,0.05829922299632804,1732.0,434.0,0.11306578209071955,2.740096436357992e-05
112,GlaxoSmithKline,434,0.5078956222605185,40.54439789774975,0.8495496831410656,6.1671384788562165,0.27173848012301033,8.389104718003706e-29,720.8757901091452,2.9094514128555e-157,0.4861751152073733,0.4147465437788018,1.5,0.0002282583884958278,1732.0,434.0,0.2816349823040265,6.059633419984329e-31
116,Experian Finance,434,-0.4341350282937758,6.325907331037534,0.17157361469956225,0.09648024537048272,0.32976254614793055,1.51053882279443e-42,2.234953035822018,0.3271041955838202,0.4539170506912442,0.4009216589861751,0.6916902407012532,0.00010992440024399834,1732.0,434.0,0.16388706342164927,1.180806083743175e-10
119,Hannover Re,437,0.008005354497173446,1.0226122641624047,0.25834637510856306,0.34910485024878257,0.1327877825820185,3.519484634165671e-07,6.8278036174420045,0.03291253111676616,0.041189931350114416,0.004576659038901602,1.3015278969772024,0.05350477972080847,1744.0,437.0,0.13648478380116358,1.4609365694613075e-07
120,Hanson,433,0.16817857107756456,4.23799134761297,8.649524882619717,132.2602264320706,0.2756782047835523,1.4070566587675163e-29,313671.8695990708,0.0,0.13394919168591224,0.13163972286374134,2.054951030396078,0.006688625293276551,1731.0,433.0,0.3902439530614532,6.662356938221862e-60
124,Heineken,434,0.482583442150565,29.167234762595278,0.5258277858321627,2.796169234503389,0.2511240330130079,1.3238327041453266e-24,156.64331397473038,9.667998110729676e-35,0.5069124423963134,0.5,1.5006849030506366,0.00038028736625277067,1732.0,434.0,0.22679477190491826,4.2360144421746045e-20
125,OTE,433,0.03498642952187336,0.9492581946628109,0.18482236159395324,0.9505564736804777,0.08069854573764895,0.006700008957345479,17.911397548997524,0.0001289999199044202,0.04157043879907621,0.004618937644341801,1.1462467466394886,0.07265437952535274,1732.0,433.0,0.08606601880094084,0.003068955292428313
126,Henkel,434,0.19506680615499766,10.261401428817564,1.7414484434372182,21.480052268011445,0.25045210955906017,1.789601250761649e-24,8360.246650075016,0.0,0.2119815668202765,0.2119815668202765,2.0296206706931224,0.0036850582368354824,1732.0,434.0,0.3676461982636713,4.107007374430707e-53
127,Ladbrokes,437,0.007393136319873685,1.283916470127691,0.08098532646361967,-0.9310154155974697,0.1466332641300186,1.152719627315543e-08,16.361815895756173,0.0002799476468317355,0.06864988558352403,0.004576659038901602,0.898197346378855,0.024243557223045328,1747.0,437.0,0.09387502360355515,0.0008392890524462672
128,Holcim,434,0.01895584845908208,0.8064350905132921,0.2352437255534701,0.3844517719932523,0.15219349216506511,3.0480972573811094e-09,6.400848772173393,0.040744908736324345,0.018433179723502304,0.0,1.1081252265393915,0.06787903715917547,1732.0,434.0,0.14914498171743262,6.832857211665469e-09
129,Iberdrola,434,0.012875670887425692,0.7572011045053963,0.3311813260411406,2.0891135218713455,0.14870369999916644,7.669212485570554e-09,83.97263318217807,5.828736049821238e-19,0.020737327188940093,0.002304147465437788,1.4566638369026783,0.05904030679803182,1732.0,434.0,0.15292850947893255,2.502776979466159e-09
131,ICI,434,-0.19340731791895338,15.261169640248895,0.1388442315162823,8.215544172874306,0.27522017966277174,1.5127318059066847e-29,1190.0030933013802,3.92745814729072e-259,0.2626728110599078,0.15898617511520738,1.5,0.00038714672861017707,1732.0,434.0,0.3629393528828091,9.927820946229089e-52
134,Imperial Tobacco,434,0.023055249283735254,1.0144746564629048,0.09189413415419954,-0.18860296282110456,0.17268900375306667,8.689286232784435e-12,1.3316016653918867,0.5138618455172672,0.03225806451612903,0.002304147465437788,1.0450915326952626,0.025534127667442657,1732.0,434.0,0.17773242308175774,1.829323147168602e-12
135,ING Bank,436,0.01935475408946279,0.9301195892433942,0.21195595814725052,-0.2887615622820423,0.13948800599383626,7.304436549913694e-08,4.86831859379577,0.08767142171065859,0.01834862385321101,0.0022935779816513763,1.0903690536440718,0.05408851822407672,1744.0,436.0,0.14567634953887365,1.5405287264231015e-08
141,Investor,434,-0.031138209113822365,1.781880177390447,0.6552650115646128,4.971203054029541,0.323091178721972,8.077777465663777e-41,465.08138663800884,1.0206105977066552e-101,0.2557603686635945,0.055299539170506916,1.5553275394687154,0.007578554689655605,1732.0,434.0,0.33224229718545906,3.363473737500315e-43
143,ISS International,436,-0.5901715811417916,12.715885356001435,-20.32194828000825,420.7155396064856,0.4672579120337009,9.042801290729974e-88,3172030.5745181614,0.0,0.01834862385321101,0.01834862385321101,2.7318742126613724,0.00526846667598962,1743.0,436.0,0.5050732442015665,1.59736981700675e-103
144,Kelda Group,433,0.12242728251143165,4.661105867149541,10.987459145090844,176.40477474715735,0.3599721833013714,9.430236670152213e-51,557147.3124894227,0.0,0.11778290993071594,0.08083140877598152,2.3852583962989558,0.008606501592294898,1732.0,433.0,0.37492530591653783,3.633348644467402e-55
145,Kingfisher,437,0.002314918058579182,0.8985882962897197,0.23429786858276172,0.7631569864233683,0.2167494980434973,1.6718461692879345e-18,13.96202136407707,0.0009293634374492593,0.032036613272311214,0.002288329519450801,1.2895948644603192,0.03545810361273353,1746.0,437.0,0.21551037041167753,2.6987120450039804e-18
147,KPN,433,-0.020499348380979207,0.8787119231820227,0.11547805610020878,1.1762805719405502,0.15584170146429766,1.1917948385594167e-09,24.770862545897277,4.179030513288255e-06,0.020785219399538105,0.006928406466512702,1.4670404958402352,0.040005032536861634,1732.0,433.0,0.1452604493272449,1.9465909020497772e-08
148,Lafarge,433,-0.017651965170946585,0.8737750454655508,0.18614780472396442,1.673864561650399,0.20253289099250404,4.770230011062848e-16,51.053978834470925,8.199159907304439e-12,0.02771362586605081,0.009237875288683603,1.3199322519756072,0.0486293510823135,1732.0,433.0,0.19221758410973067,1.7364856866673688e-14
153,Linde,433,-1.2720826006995867e-05,0.7529897463407276,0.14488074858629543,0.34776844397958717,0.20503220943727374,1.9389682784789795e-16,3.468354029632854,0.17654543479228088,0.006928406466512702,0.0,0.8080257507656549,0.06312447456381302,1732.0,433.0,0.17905633193995207,1.286449280805657e-12
154,Lloyds TSB Group,433,0.05208074152575126,1.171184638612579,0.956772678436475,4.469803416910637,0.13096493972980505,6.175375181264674e-07,415.6113943551173,5.638095239070786e-91,0.06928406466512702,0.013856812933025405,1.6276105119833708,0.05107360074465168,1731.0,433.0,0.15010470610973814,5.5550031523451126e-09
156,Lufthansa,433,-0.03214024164312068,1.1170276428636667,0.15642895681196367,-0.5169800655604395,0.13845963090342422,1.0548592990067831e-07,6.72367204360778,0.034671542762001455,0.057736720554272515,0.0023094688221709007,0.9437210774558892,0.029875409572268266,1732.0,433.0,0.12131727281174276,5.1878464419695045e-06
157,LVMH,433,-0.029732628812014737,0.6834049462488564,0.19485785216285154,-0.5886823363840095,0.18449455054111763,2.2561705933418956e-13,9.124082606093,0.010440724493080408,0.0,0.0,0.7045297317096374,0.10600851311004189,1732.0,433.0,0.15239480831150087,3.0262251610477526e-09
159,Marks & Spencer,433,0.0044073294001736145,0.9032535121296938,0.40429524068469785,0.6613800799918037,0.15644282506636076,1.0108310078973965e-09,19.10285502991451,7.109969471132067e-05,0.03002309468822171,0.006928406466512702,1.366995865240849,0.040036702001114324,1732.0,433.0,0.15721148107539862,8.181125833947788e-10
162,Metro,433,-0.010217394377662262,0.8875204606094521,0.30764942075216756,0.2063007812189288,0.13043574862996454,6.969768913692175e-07,7.435154344495128,0.024292753760856083,0.025404157043879907,0.0,1.296410825652932,0.045405075518923206,1732.0,433.0,0.1243772466449038,2.688796748223208e-06
164,Michelin,433,-0.012191906592644085,0.8037355383109407,0.2119499552201241,0.10740975920343843,0.18625264449554157,1.2705230165762902e-13,3.3733475135974853,0.18513430269008055,0.013856812933025405,0.0,1.2247618993951583,0.05526039222822782,1732.0,433.0,0.17523019733078138,4.240107988400937e-12
165,O2,433,-0.06375912350903015,2.386210622314099,0.2166039553986035,1.5970262662371848,0.2344110854503464,2.0740297569094233e-21,47.540331271634386,4.750597440655097e-11,0.2956120092378753,0.2956120092378753,0.8470504384371733,0.0019843816128318993,1732.0,433.0,0.23719725682670623,6.445599190421328e-22
169,Munich Re,434,0.02371905177179055,1.0058792582922578,0.42032149152410536,1.3970252848670857,0.15661657338250068,9.173397050411233e-10,46.492357617124604,8.0225571233743e-11,0.041474654377880185,0.004608294930875576,1.545508773900751,0.06032989509440808,1735.0,434.0,0.16607721832906203,6.249979550847713e-11
171,National Grid Elec,434,0.020329447672626153,1.0362431633250855,0.1626679127852609,1.2103901192365907,0.1907801583279829,2.622087844861551e-14,27.19525952425897,1.2434388356959074e-06,0.04377880184331797,0.009216589861751152,1.2583000968169704,0.03397910268155641,1732.0,434.0,0.19980672560500745,1.1596787159608195e-15
172,Nestle,433,1.4639705675616645,38.34824009999895,1.9196626477918908,18.682208537440005,0.23714565319201886,6.587507921019812e-22,6407.759534408394,0.0,0.3556581986143187,0.3556581986143187,2.720363861857678,0.0034188792267950325,1732.0,433.0,0.32620679698274857,1.5842733558537321e-41
173,Nokia,433,-0.010119822335293772,1.237325558404996,0.3293829587176926,1.0048417710851183,0.10747081792282054,8.258456503242458e-05,25.083194721551774,3.574814180056046e-06,0.09699769053117784,0.020785219399538105,1.3890842356844255,0.028897349445780443,1732.0,433.0,0.1103920818782238,4.73730133438358e-05
179,Pearson,433,0.017353893513887105,1.1423769487799402,0.17213585516635554,-0.6706643501328475,0.14896073903002305,7.497701557122022e-09,10.386946289057324,0.005552687997878748,0.046189376443418015,0.004618937644341801,0.8385819024194099,0.021687431264055045,1732.0,433.0,0.15502085394539594,1.4907821505195997e-09
181,Pernod Ricard,433,-0.01795619450372078,1.0224068009077492,0.26499869446249197,0.2495681645100949,0.20126123755288639,7.508560130411925e-16,6.011146709754603,0.04951035918305966,0.050808314087759814,0.004618937644341801,1.0515686583865695,0.026499589340094866,1732.0,433.0,0.19527953013671995,6.096433574122492e-15
183,Peugeot SA,433,-0.0003641067255236229,1.0278465312046767,0.7432302991504458,2.9619687565960646,0.05592621183653734,0.12828006343774268,192.7925958706676,1.3665317633363184e-42,0.04849884526558892,0.006928406466512702,1.584449442807697,0.04825751844068535,1732.0,433.0,0.05650790723226018,0.12116810640581699
185,Philips,433,0.11410969102162014,42.552867864980506,0.4854527534831737,3.491465476985546,0.27632089892412187,1.0231654647413482e-29,230.07127624531992,1.0981385587243297e-50,0.47344110854503463,0.44341801385681295,1.5,0.0001969667126257013,1732.0,433.0,0.2602820230721663,2.2912103705873573e-26
186,Kering,434,-0.0001948132926073521,0.7560047890876724,0.2510628966114476,0.9843929701924106,0.21992818820787785,6.478354320204129e-19,21.16901171444274,2.530506822431697e-05,0.016129032258064516,0.002304147465437788,1.413147064659462,0.04644898127546386,1733.0,434.0,0.21569954169097505,3.3266806104701445e-18
188,Portugal Telecom,424,0.37031292217621703,2.8542507511470645,8.982438528092793,125.47723364970545,0.09045807886508384,0.001808574252439437,277252.82103794755,0.0,0.11556603773584906,0.05188679245283019,1.5038888978680764,0.049209595130050965,1692.0,424.0,0.22156723392984623,9.191108597082885e-19
192,Publicis Groupe,433,0.10585332204758358,4.034302415128449,0.2399599299145453,0.1475923953652507,0.28986980360504067,1.0285691397412344e-32,4.441329278290416,0.1085369469431689,0.5796766743648961,0.5750577367205543,1.1160098837821468,0.002488619425570232,1732.0,433.0,0.17355453081244454,7.089482228959463e-12
196,Reed Elsevier,433,-0.039503183104783825,1.1624159843077841,0.14751450535249583,-0.8524468035396846,0.18277129889308502,3.9396377345365736e-13,14.7935026003322,0.0006132417669652501,0.046189376443418015,0.0,0.6923218739428976,0.020536017944529816,1732.0,433.0,0.1400247554815529,7.20205987732209e-08
197,Renault,433,-0.006132663762633974,0.9605592457742276,0.7355552168341055,4.186573968131769,0.13441006073511763,2.7749289497740423e-07,345.6997915867916,8.555473676151058e-76,0.04849884526558892,0.009237875288683603,1.4779340054738341,0.0516407513177641,1732.0,433.0,0.13155077617628275,5.397982048109241e-07
198,Rentokil Initial 1927,434,0.30115342722985,6.912162659136274,6.131715586305278,56.243079503561255,0.34134032751873367,1.2210672631509001e-45,58569.540440158875,0.0,0.31105990783410137,0.14516129032258066,3.155434448621505,0.01129480950553727,1735.0,434.0,0.36528439780121585,2.0426320679145637e-52
199,Repsol-YPF,433,0.06985935008443053,1.0817342863010422,0.1034799528613263,0.954854894486274,0.09970583659305093,0.00033636350148964127,16.37298317564731,0.00027838887582606376,0.07159353348729793,0.013856812933025405,1.5368799605457957,0.04992702929164239,1732.0,433.0,0.09171867309882947,0.0012771380577565568
200,Thomson Reuters,433,1.0880700596648154,37.44361558383752,0.3778733904183794,3.3535379953399476,0.3081629287050698,5.222620079279634e-37,206.8395972016672,1.2171725461904993e-45,0.3625866050808314,0.3210161662817552,1.5,0.0002654280073293158,1732.0,433.0,0.32337315576430914,8.474322468270027e-41
207,Rolls-Royce,433,1.1953674518620445,12.88401845894367,2.779875552984313,22.81188369331004,0.29916455205551296,7.344700974838007e-35,9716.253955795728,0.0,0.558891454965358,0.5381062355658198,1.8708395271893,0.0028161133198320518,1732.0,433.0,0.21895457286412334,1.0433607727264125e-18
209,Royal & Sun Alliance Group,433,0.04802310653496792,0.6601737894721615,1.5723034559351146,23.110011425759776,0.4003984912223328,3.647658538956642e-63,9580.803534578912,0.0,0.018475750577367205,0.011547344110854504,1.2126193064239836,0.03141152628721601,1729.0,433.0,0.371166266739548,4.889981335086854e-54
211,RWE,433,0.058467423046280206,1.0191610788805112,-0.009817733801231762,-0.3854457100433524,0.12081346004237664,5.771560105165203e-06,2.8194946411632107,0.24420498093078025,0.03464203233256351,0.0023094688221709007,1.1067093245207937,0.034835038712285576,1732.0,433.0,0.12333594146959714,3.3689583775272407e-06
212,Safeway,433,-0.07093501130965404,1.3472885236432284,0.23654616763685554,-0.7266638502808695,0.19755173270786675,2.772878027994755e-15,13.680518844986741,0.0010698258267533877,0.11085450346420324,0.013856812933025405,0.9154412671691194,0.017741013607042642,1732.0,433.0,0.11242822534492564,3.187416094758445e-05
213,J Sainsbury,433,0.02307640745590117,0.8947911659823385,0.11667612330386337,-0.21938621805485603,0.09765765315049518,0.0004786571655144635,1.935731844244989,0.3798928946698842,0.023094688221709007,0.0023094688221709007,1.1600342335276295,0.04122951578686513,1732.0,433.0,0.10474195611527082,0.00013692495609246176
222,Scottish Power UK,433,-0.03556321342195344,0.9143770996260192,0.15047071783623647,0.5405954832269453,0.315242494226328,9.525660980537088e-39,6.511405198246136,0.038553723333003685,0.018475750577367205,0.0023094688221709007,0.506713511627021,0.00910186557187726,1732.0,433.0,0.2997301926358522,5.407379848346257e-35
225,SES Global,434,0.11376321432308975,2.6535931075676227,0.1238815782246374,0.230902052887747,0.20902933427288584,4.10796236685099e-17,1.9340944916146912,0.3802040313277722,0.3986175115207373,0.3870967741935484,0.7820599505844843,0.0016387889630708897,1733.0,434.0,0.20142976800544748,6.515581387818916e-16
227,Siemens,433,0.06513599071919406,20.838764928344016,0.4390193967158573,2.8330084016282946,0.2101391894463265,2.973081771147619e-17,153.90655178961563,3.7985418408165672e-34,0.4110854503464203,0.4018475750577367,1.5278599731609135,0.0006272803822949691,1732.0,433.0,0.2783856984198836,3.6565721231276875e-30
228,SIX Continents,434,1.5900700860538175,50.90246144503389,8.790350178709902,164.25768045541327,0.43427847126426666,6.12656349006471e-75,482227.1721059173,0.0,0.10138248847926268,0.10138248847926268,4.045196858229857,0.003869584643308496,1732.0,434.0,0.4659665751265459,7.32109461677563e-87
229,Societe Generale,433,0.00732883623746018,0.8197061485928699,0.7311592686695846,2.5949754323465957,0.16417175160130026,1.148229011624846e-10,155.74671284493115,1.5136693547658899e-34,0.018475750577367205,0.004618937644341801,1.5125570053107085,0.0684017388592884,1732.0,433.0,0.1665123892339917,5.817897756672093e-11
230,Sodexho Alliance,433,0.5927256809744822,33.46350416121041,2.5469850102134988,21.317524066080185,0.2312498293269577,7.674831150841814e-21,8465.551887804433,0.0,0.4387990762124711,0.4387990762124711,2.617527444592755,0.002503836060241288,1732.0,433.0,0.29118934863867996,5.1523486382004085e-33
232,Solvay,433,0.01128795318443284,0.6485553188933716,0.6668955336692945,2.660138049437885,0.19988859151150207,1.2211763190117917e-15,155.31244034986727,1.8807544261730072e-34,0.009237875288683603,0.004618937644341801,1.2273934638358377,0.0707176812853353,1732.0,433.0,0.19813577636809243,2.2611269144646304e-15
237,Statoil,436,4.100975335827022,69.55961272400893,2.3363234268517252,19.15259697362702,0.34167712367196024,6.11754216527553e-46,6896.92613818108,0.0,0.658256880733945,0.658256880733945,2.8577502225745173,0.003177537999023946,1742.0,436.0,0.21635540057205438,2.14073975976951e-18
238,Saint-Gobain,433,-0.007730961932563353,0.8875862504245511,0.09449639034489365,-0.3266776969694005,0.16248292243631834,1.8638626380267666e-10,2.6857998027952523,0.2610874418827319,0.018475750577367205,0.0,1.036651368325277,0.041241385410985924,1732.0,433.0,0.15651941405221498,9.897959398745117e-10
239,STMicroelectronics,433,2.376470537351126,53.255262944942814,1.1411223903864065,7.338660883254949,0.30367582399843174,6.276582472123329e-36,1039.1188667942827,2.2814190039159826e-226,0.6027713625866051,0.6027713625866051,1.5,0.00017251777486637643,1732.0,433.0,0.20830691731610662,5.858362511141181e-17
240,Stora Enso,433,-0.008640421000843397,1.0255769373907941,0.21877959999967372,0.06167675213808721,0.08821743178641972,0.0022127733641341143,3.4704037552573324,0.17636459262652587,0.03695150115473441,0.004618937644341801,1.3396072071696057,0.04764105367617974,1732.0,433.0,0.08551419834726826,0.0033331876392466756
241,Suedzucker,433,-0.0855211983099039,1.1133753490473963,0.10036358250160778,0.26474103587391307,0.18838950667952548,6.274558246950569e-14,1.8303537478621608,0.4004457914052885,0.06928406466512702,0.009237875288683603,1.1602463135223107,0.02425991619050705,1732.0,433.0,0.1604587897611114,3.308577530409215e-10
242,Suez,436,0.008172553918803794,1.0307280266519223,0.08267706628498017,-0.4058673904655352,0.1504587290686341,4.4145141291550345e-09,3.6214162614856,0.1635382892996778,0.034403669724770644,0.0045871559633027525,1.0600194443941486,0.03247255848529851,1744.0,436.0,0.15486010433349096,1.3476042674853763e-09
243,Svenska Cellulosa,433,0.8083209560589386,30.62376884395784,0.9755489789958769,4.885592162061384,0.23743795956071612,5.822627147878987e-22,486.5800358928527,2.190219815010748e-106,0.3579676674364896,0.3325635103926097,1.5,0.00017636684303357075,1732.0,433.0,0.3126266622036544,4.2313675612856486e-38
245,Swiss Re,433,0.030347928587950487,1.1098653312584728,0.3236094065053888,0.9121788399213884,0.15565643075541102,1.2536860349955856e-09,21.72718526415951,1.9142632693960907e-05,0.06466512702078522,0.011547344110854504,1.4841003754387962,0.05261665426839625,1732.0,433.0,0.15430779421082041,1.8089926126301436e-09
247,Tate & Lyle,433,-0.3142252380560306,8.174752847671908,0.1763664373999971,0.9745873562352982,0.32794453313550237,5.6199885349179415e-42,18.496219834024785,9.62934828433693e-05,0.6096997690531177,0.6096997690531177,1.4887184588218125,0.0016820536372511173,1732.0,433.0,0.18918471656743052,4.815485823407376e-14
249,Telecom Italia,433,0.007948451734708128,0.8631482223120115,0.2812888828088779,1.001617265430795,0.08064800697252428,0.0067478316960932925,22.865889994967972,1.0832659085620518e-05,0.023094688221709007,0.0023094688221709007,1.4551431804492243,0.05033142487561267,1732.0,433.0,0.0826441408283406,0.005077972835331223
250,TDC,433,-0.020524881472996772,1.2523787482568174,0.14042430916458049,-1.0044122452915394,0.20646497318148044,1.151330699400468e-16,19.69657473009137,5.283760710307793e-05,0.03695150115473441,0.006928406466512702,0.5719647605351244,0.012113298310081427,1731.0,433.0,0.14935128584410307,6.769823100991736e-09
251,Telefonica,433,0.023681333298231907,0.9316886344256408,0.38521694858586003,1.8285928114935928,0.11285610645648436,2.9300276522765085e-05,68.68269478423386,1.2182665683763503e-15,0.03926096997690531,0.006928406466512702,1.5484225386144723,0.05149057204614176,1732.0,433.0,0.12255008045258037,3.988936154563866e-06
252,Telenor,433,-0.00251373141117743,1.5370734694388593,0.16811887769669398,-0.384497191314916,0.1866506448378248,1.1147748601961464e-13,4.824839218249668,0.08959823936622546,0.26096997690531176,0.03233256351039261,0.7990979295067097,0.010708439031694392,1732.0,433.0,0.16334765521432115,1.455351369576866e-10
253,TeliaSonera,433,-0.012479489749336718,0.46076024364431134,0.5963352773628269,2.2222481035716424,0.21695568721335345,2.258206723967498e-18,111.45108770900234,6.290769940839938e-25,0.0023094688221709007,0.0,0.9277514289262658,0.18315840038751108,1731.0,433.0,0.17257116410123174,9.563073525778233e-12
255,Tesco,433,0.04642740099193662,0.8644134601790104,0.2230336681697733,-0.26226507853810244,0.07912681704437441,0.008341241126815425,4.910336654460127,0.08584874354367186,0.018475750577367205,0.0023094688221709007,1.0905051139477444,0.052073987570893356,1732.0,433.0,0.08551540176591471,0.0033325892576729966
258,Thomson,100,0.7343649430066819,3.8768176552112856,5.394390592417506,31.8995521705027,0.41000000000000003,1.0234761126940994e-15,4287.623148716589,0.0,0.14,0.06,1.0586204405590571,0.10009486609199722,400.0,100.0,0.42512000853954723,6.486042160035168e-17
259,ThyssenKrupp,433,0.019431332057165553,0.8891274128081201,0.48582397173971525,1.3687685942835621,0.0869033983010652,0.0027046924556782706,49.27163069553261,1.9989472663757924e-11,0.03464203233256351,0.004618937644341801,1.7766883663025226,0.059660083342570364,1732.0,433.0,0.07649395106879353,0.011924299426266945
261,Total,433,0.027147846628953556,1.3084128449001684,0.24287730896879484,0.30204068429551123,0.1334812790367872,3.449939709807451e-07,5.690350034193126,0.05812409313954881,0.11778290993071594,0.025404157043879907,1.3017748068474102,0.031534241623711046,1732.0,433.0,0.1486936999081957,8.03869055703628e-09
262,PostNL,433,-0.22115294317292042,4.531877557759008,0.22163317823990103,0.6236356433592984,0.3275337510281312,7.184093883187333e-42,10.072498648550509,0.0064980748408858995,0.6073903002309469,0.5658198614318707,1.3550083777702195,0.0034298131024146955,1732.0,433.0,0.17983434428984735,1.0061410009827766e-12
265,Unilever NV,433,0.2626617746314861,20.807321464973967,0.7594084071391163,5.320478863395387,0.20708593761555827,9.174493186076443e-17,537.7356959425749,1.7067788984230404e-117,0.418013856812933,0.4018475750577367,1.423187703988935,0.0005298027533893405,1730.0,433.0,0.2617553947820852,1.1513935056397363e-26
266,Union Fenosa,434,0.034391513150560174,0.8235130321379915,-0.00826556447665246,1.4528301165641393,0.13766920805513838,1.2292640475267738e-07,36.58909583244515,1.1344328424150078e-08,0.020737327188940093,0.004608294930875576,1.4205196195070475,0.05219406922797325,1733.0,434.0,0.11893234450076728,8.320401318895857e-06
267,United Business Media,416,-0.4081189893657058,63.51481006286231,2.243081271697693,24.75990614998735,0.3341346153846154,6.561050187802868e-42,10707.327672161155,0.0,0.3701923076923077,0.3125,1.5,5.601770163771169e-05,1662.0,416.0,0.3373372545139286,9.920312178526853e-43
268,United Utilities,433,-0.022297782682420216,1.11702218924279,0.0662182890703512,-0.5978491372690091,0.16743648960739033,4.436259179351347e-11,6.913427292753184,0.03153322123933816,0.04157043879907621,0.004618937644341801,0.8575251669309374,0.02254469744651443,1732.0,433.0,0.1594734091782649,4.3632952395905093e-10
270,UPM-Kymmene,433,-0.03301744879226178,0.9628361268516624,0.5831457057238727,2.3775101346606586,0.138767966593905,9.787979993016968e-08,122.84948866458508,2.1065534554534438e-27,0.046189376443418015,0.0023094688221709007,1.6054135577287394,0.055210435750489735,1732.0,433.0,0.1244537805992546,2.6443985199927386e-06
272,Valeo,433,0.005762846687233765,0.7558466673844958,0.5475423703662696,2.407812092962363,0.15846727298046526,5.777493215009136e-10,122.50574690179974,2.5015838216494337e-27,0.018475750577367205,0.004618937644341801,1.4157972046016865,0.058772899779810615,1732.0,433.0,0.15786548342549178,6.827923749473449e-10
273,Vattenfall,433,-0.0013240141390358172,1.1883385560528017,0.07385313605294931,-0.8716843253803739,0.1632102738914255,1.5138293099236558e-10,14.21907839480237,0.0008172715061830196,0.04157043879907621,0.0023094688221709007,0.8250437204554042,0.023541902051255715,1732.0,433.0,0.1485162486043473,8.41901092943222e-09
274,Veolia Environnement,433,-0.017669365265518266,0.8839034577532805,0.1846726876711162,-0.32597460376067033,0.15667417830573704,9.485862399137475e-10,4.481541177142638,0.10637650027223018,0.009237875288683603,0.0023094688221709007,1.0812561357502999,0.04250951025755014,1732.0,433.0,0.14460561758803125,2.2987780142965354e-08
275,Vinci,433,-0.03199920973101188,0.7042299939271299,0.385256679218507,1.215865599047829,0.2165323226174395,2.65689901676199e-18,36.101988676591034,1.4472806844564732e-08,0.004618937644341801,0.0023094688221709007,1.111766847610031,0.06055302987557363,1732.0,433.0,0.18781369335178444,7.594551681109036e-14
276,Vivendi,437,0.010793424640398747,0.8422257055695442,0.039146873936577196,-0.40161785446931164,0.1361556064073226,1.5814731570271664e-07,3.1826697789127953,0.20365357519496982,0.013729977116704805,0.0,0.9749677603097109,0.051994899823791234,1746.0,437.0,0.14126805494722472,4.516510952216107e-08
277,The Nielsen Company,433,-0.020816324260824443,4.007985246076413,4.770918496533092,79.14077166472288,0.4295963082113158,4.261694199131858e-73,112005.62244820458,0.0,0.07390300230946882,0.07390300230946882,1.7102389753771785,0.0033809243015375983,1731.0,433.0,0.4526215039970696,1.5820768043125627e-81
278,Vodafone Group,433,0.024454093072197865,0.7853715339415615,0.3428491321374316,0.9689172938982571,0.1528996325488256,2.643664481551859e-09,24.499679968586396,4.785883147335438e-06,0.013856812933025405,0.0023094688221709007,1.3478140966273104,0.05025416828442557,1732.0,433.0,0.14894231711016792,7.533854693327463e-09
279,Volvo,433,0.011847408924736525,0.8820197045469794,0.6396572124889356,4.000853048215475,0.14698446177061975,1.2518267229026207e-08,309.5340716797261,6.102817096866555e-68,0.03695150115473441,0.009237875288683603,1.6877062735561512,0.04773466450009235,1732.0,433.0,0.15174035519687756,3.6032870479985676e-09
280,Volkswagen,433,0.03581565016338319,1.1697473690035094,2.2325906089924197,16.059625146093985,0.13575268124141004,2.0201532495451149e-07,4895.9605484526555,0.0,0.03695150115473441,0.013856812933025405,1.4025104550759013,0.04905868241830377,1732.0,433.0,0.15020837697853096,5.405438973334586e-09
281,Wolters Kluwer,433,-0.039628288523988885,1.0460830217992616,0.19416615411789068,-0.5327469574902279,0.16516377220919842,8.61808743769897e-11,7.971408081738686,0.01857935908888381,0.025404157043879907,0.0023094688221709007,0.9502403733346398,0.033294423920466346,1732.0,433.0,0.15299002437630083,2.580333161187406e-09
282,WPP,437,-0.01347393660511297,1.0665897181561357,0.15850478271786964,-0.6310149831258713,0.15446224256292906,1.431965459100397e-09,9.217667115966773,0.0099634332996547,0.02745995423340961,0.002288329519450801,0.8328329353473122,0.027534895834914114,1746.0,437.0,0.14942264773439173,5.55262828827035e-09
285,Zurich Insurance,437,0.019373018385233955,1.0120752097859478,0.6526029784670786,3.1717366441059074,0.15438049030766743,1.464330047816164e-09,208.26532575818553,5.967042426078127e-46,0.05263157894736842,0.011441647597254004,1.7445517014147467,0.05760206922792322,1745.0,437.0,0.16212636730683438,1.6698711452052306e-10
553,Santander UK,434,-0.008607353018375672,0.7953966573658474,1.220332069925525,11.736487540080416,0.3744367637247229,3.8184480198198975e-55,2535.202228582959,0.0,0.04838709677419355,0.01152073732718894,1.166519801320217,0.026785622837211955,1732.0,434.0,0.36216746591614224,1.666378336112016e-51
554,BBVA,434,0.05093240858407368,0.8823391079046945,0.3991211579394097,1.8989156242176435,0.09888256033631382,0.00038042342662029396,74.22731672079094,7.616281210868001e-17,0.02304147465437788,0.0069124423963133645,1.6328148296646514,0.061642680632293376,1732.0,434.0,0.12065310777891503,5.798359480893583e-06
555,Banco Santander,434,0.0498189901652109,0.8492749043281826,0.30724219860737045,1.0801838338400138,0.09023047948596219,0.001591293460119367,26.869484578251114,1.4634084487753996e-06,0.016129032258064516,0.0069124423963133645,1.562858754228208,0.06601872331044052,1732.0,434.0,0.11165063209542064,3.6197295575799106e-05
556,Banco Comercial Portugues,434,0.05417583783178416,0.6094622714415889,0.11310545874954386,0.5631657015570974,0.23878259417427866,2.934117789656945e-22,6.248952894462236,0.04395994294943473,0.004608294930875576,0.0,1.2848351900116437,0.0672042010408817,1732.0,434.0,0.19269747518631924,1.3689563476466578e-14
557,Unicredit,434,0.05173907935267432,0.9209715612547812,0.2248349348111974,0.5417757419622675,0.08178510083417362,0.005667344188880416,8.554157716647312,0.013883157581354853,0.018433179723502304,0.0069124423963133645,1.4415878362154977,0.06132425625777597,1736.0,434.0,0.0952007607476913,0.0007107411618703749
558,Capitalia,437,0.05014774266593454,0.8932048037794196,0.3661127227922647,1.8122634693664708,0.08653303569092602,0.0026939757614151696,67.25047597545449,2.49312864870583e-15,0.020594965675057208,0.006864988558352402,1.65852978865093,0.06353953059535015,1746.0,437.0,0.10434341935937186,0.00013494498775057403
559,Commerzbank,434,0.02983898999942697,0.8014967340136506,0.1526120206536334,2.1166724522658127,0.13115492288438146,5.711423647289252e-07,79.80140385845043,4.6918630607063565e-18,0.01152073732718894,0.004608294930875576,1.553506790839579,0.063174135985116,1732.0,434.0,0.1448200393895147,2.0872861592081188e-08
560,Deutsche Bank,434,0.07507167916872434,0.8997288507342951,0.05854099568562415,3.1271689137877425,0.1311218691767954,5.755005390497243e-07,171.50959442502221,5.716955001560322e-38,0.03917050691244239,0.01152073732718894,1.7969140690583463,0.05943274971998534,1732.0,434.0,0.13823869014751444,1.0709488275597226e-07
561,Dresdner Bank,434,0.030232681833633947,0.8400955485515178,0.1487409191937217,1.758396470655252,0.1302158482551059,7.082878545813614e-07,55.36169208032571,9.513959762997238e-13,0.016129032258064516,0.004608294930875576,1.509581011242972,0.05958091632249924,1732.0,434.0,0.14348154462600227,2.929106036941562e-08
562,GKN Holdings,437,0.04249850103445325,0.6560501150273659,0.6517095361865775,3.132171334713499,0.16727172492818188,3.717358881729976e-11,203.76209494558518,5.670525033420042e-45,0.006864988558352402,0.002288329519450801,1.4173198636888833,0.05653368251677385,1747.0,437.0,0.15904787246229357,4.009486472776206e-10
563,HSBC Bank,436,0.05434724030148566,1.0077363112208855,0.2002774444070605,0.18177397170891663,0.13474298405048718,2.2998141733645917e-07,3.395092790824307,0.18313230752892623,0.0389908256880734,0.0045871559633027525,1.3140539759825212,0.0523260438613818,1743.0,436.0,0.14128034849826088,4.68688930080864e-08
564,Banca Monte dei Paschi di Siena,433,0.051625821790800844,0.7723699957313678,0.4887564232676635,1.6480695762223698,0.1654909892029553,7.836777350917879e-11,64.19279924706066,1.1500341969212592e-14,0.016166281755196306,0.004618937644341801,1.3574349761368638,0.06100025305229305,1732.0,433.0,0.1497473168963776,6.102151690701782e-09
565,Royal Bank of Scotland,433,0.05320600345417649,1.0666017058075203,0.6334133249329256,3.619763225860975,0.12462294826542486,2.5487525768772216e-06,257.956011874821,9.67305672311897e-57,0.046189376443418015,0.018475750577367205,1.6260755999588978,0.052255100261203856,1731.0,433.0,0.14488636758099804,2.1407863598110685e-08
566,Stagecoach Group,435,0.041905604828652104,0.5456562014197752,1.045908220728851,14.272857696077587,0.2212753908272063,3.4599065244330583e-19,3679.9290054403073,0.0,0.009195402298850575,0.006896551724137931,1.3080493856493367,0.013817256693202025,1738.0,435.0,0.13980349999178543,7.029087159415916e-08
567,Technip,433,0.6101483317846541,76.5247857679732,1.930108041103492,14.00239877346884,0.36489606836868027,3.496141138647316e-52,3716.497511316839,0.0,0.674364896073903,0.6674364896073903,1.5,0.00012458730503717153,1732.0,433.0,0.18994180440081643,3.738896439487596e-14
568,Unicredito Italiano,437,0.05022919899438284,0.8955508200787881,0.36420643580713885,1.7938605251424242,0.08645525091750655,0.0027260781949281655,65.97788957884329,4.7106768636706e-15,0.020594965675057208,0.006864988558352402,1.655946065652754,0.06333760665765645,1746.0,437.0,0.1042640401777673,0.00013692816377698034
569,ABN Amro,408,5.241321654188549,119.12304063425098,6.330087427116185,73.2746831415304,0.254354859922695,9.33139175097977e-24,91728.8098008179,0.0,0.20098039215686275,0.12990196078431374,1.5,0.00020680384655169526,1629.0,408.0,0.4490501023361134,1.386176529073804e-75
570,Barclays,434,0.04883924011907298,0.9699222068665284,0.6799991883620586,2.5182776980808406,0.12194529285528033,4.4058817801063585e-06,144.0381860524088,5.27843656947768e-32,0.027649769585253458,0.0069124423963133645,1.5521793707274827,0.06166499500951899,1732.0,434.0,0.1418111999235363,4.450660008196061e-08
571,HBOS,434,0.017915857436163134,0.47200866008573245,1.759896021017154,19.685634058866903,0.3860216654364685,1.0399581533258087e-58,7060.486664421911,0.0,0.016129032258064516,0.004608294930875576,0.8862975197598134,0.03692779805725034,1732.0,434.0,0.32400834390369904,4.699201754189354e-41
572,Banco Espirito Santo,434,0.04443873585280945,0.9829125569881483,0.856959294186284,10.817834390364292,0.22489818505867093,9.076758852500087e-20,2115.3094494209195,0.0,0.04608294930875576,0.020737327188940093,1.3015189709560064,0.05449066734244923,1732.0,434.0,0.23932446597553608,2.328645499297411e-22
573,Glencore,433,0.0809305707823698,1.1798885446985115,0.23103700529291799,0.9767657864163701,0.1131949255281709,2.740416937808291e-05,20.16632204284581,4.1777149882871004e-05,0.053117782909930716,0.011547344110854504,1.2430176050664412,0.05282062176684477,1732.0,433.0,0.06286173554878938,0.06252646841717058
574,Sanpaolo IMI,433,0.04083236066823105,0.8399839166775819,0.3057939595458145,1.4822461538726888,0.09084025332371148,0.0014689270621704952,44.70540287427989,1.9604018795290215e-10,0.011547344110854504,0.004618937644341801,1.5237789483796667,0.06966917376963479,1732.0,433.0,0.10795806183020906,7.535179129076558e-05
575,Standard Chartered Bank,436,0.04451858269348636,1.0729381927506603,0.19470008551953957,0.5579839963434341,0.10595145299510794,0.00010245523284868611,7.991519337746887,0.01839346815673388,0.0389908256880734,0.011467889908256881,1.4031259305482924,0.046583113679997436,1743.0,436.0,0.12130636871584477,4.759052130786317e-06
586,BP,434,0.020396370032643704,1.1160239806766752,0.1485795165939141,-0.1379832314553311,0.1246304177422235,2.4665060645349885e-06,1.9937081268097814,0.3690385889146652,0.055299539170506916,0.009216589861751152,1.1971169094046283,0.036831538699919265,1732.0,434.0,0.1342866412536482,2.755046646070917e-07
587,Intesa San Paolo,433,0.04083236066823105,0.8399839166775819,0.3057939595458145,1.4822461538726888,0.09084025332371148,0.0014689270621704952,44.70540287427989,1.9604018795290215e-10,0.011547344110854504,0.004618937644341801,1.5237789483796667,0.06966917376963479,1732.0,433.0,0.10795806183020906,7.535179129076558e-05
909,Sanofi-Aventis,434,0.056437226550716195,6.213387244994539,0.23048338978556987,1.9680993877569497,0.200460829330796,9.197766032735092e-16,71.29369057372085,3.301959899257616e-16,0.3986175115207373,0.3986175115207373,1.3682290491581768,0.0024441618672077317,1735.0,434.0,0.2545857496578765,2.763327987652438e-25
919,Clariant,434,-0.013393771971547458,1.097108510345068,0.36401217703396216,2.0238839074626824,0.18747249869722893,7.920296344043707e-14,80.90354103102219,2.7040784176805863e-18,0.059907834101382486,0.0069124423963133645,1.0777266247086197,0.02714964829106009,1732.0,434.0,0.185802737263156,1.3734546764641568e-13
922,Credit Suisse,436,0.060300405992759175,0.8858613114576236,0.5255872324193417,1.5912540151508665,0.14192746079833246,3.9874679993733943e-08,64.10823695295772,1.199701559489881e-14,0.022935779816513763,0.0045871559633027525,1.409917136831162,0.05200994922359912,1743.0,436.0,0.1541734098327976,1.625393532200722e-09
1015,Centrica,434,0.05126244518355168,1.0226289718968755,0.02916325441793977,-0.34753872447567824,0.14561527323102275,1.7041070553535233e-08,2.370199597985899,0.3057156678604403,0.03456221198156682,0.004608294930875576,1.043547541378156,0.030382792365268738,1732.0,434.0,0.13750136622710674,1.280101939512024e-07
1017,Banca Popolare,434,0.024360702731857847,0.8538786265015289,0.06542499611960374,-0.6092019292575936,0.12425834397030494,2.6750114468257796e-06,7.169290283350434,0.027746511964159403,0.0069124423963133645,0.0,1.095401969031164,0.057004345900028515,1732.0,434.0,0.11955174109083833,7.310572117469814e-06
1025,Ciba,434,0.040358532494077184,1.435383268117724,0.44359498703164835,2.2762464515832317,0.2333578456714161,2.8784001602375915e-21,104.5717334741138,1.961266428952192e-23,0.14285714285714285,0.059907834101382486,1.4628452190848376,0.02497931502378491,1732.0,434.0,0.2521834002997263,8.216039950746742e-25
1046,Wendel Investissement,437,0.022407528313980192,1.3796180054942022,1.117364799292006,6.224047257795576,0.09980223994030757,0.00030537623622616385,776.6134085421321,2.293723420424255e-169,0.11441647597254005,0.02745995423340961,1.6297339266464406,0.04211043830460034,1746.0,437.0,0.11249911002977708,2.8398432285533526e-05
1048,Telekom Austria,433,-0.04115651234523212,1.2011790576368246,0.18742690803744344,-0.6333771132455506,0.19178112891191584,2.0131029432155232e-14,9.905410424948325,0.007064272698312894,0.06466512702078522,0.004618937644341801,0.9669470734939098,0.02165445710785137,1732.0,433.0,0.14222268941551686,4.183260703512543e-08
1052,BNP Paribas,434,0.030021118214917597,0.8006653181162189,0.6724771155698331,3.500792357799445,0.15371737096971083,2.02337676658289e-09,247.32249736374467,1.9706163065851969e-54,0.029953917050691243,0.002304147465437788,1.7633114551276483,0.06920010480071566,1732.0,434.0,0.16793618555696188,3.617556385010318e-11
1095,Gecina,433,-0.15620849760405356,2.8933790605856182,0.4050387308924529,2.478898910736757,0.2505773672055427,1.9217802186371044e-24,118.8660411986736,1.5437149528179378e-26,0.34872979214780603,0.3464203233256351,1.1408786036824354,0.0028983651483323616,1732.0,433.0,0.2768511621241676,7.861856578790086e-30
1115,Lanxess,433,-0.09336031744273414,1.5466532978563883,0.2720481480411183,-0.060521817798382394,0.2191223815791027,9.775461560145678e-19,5.401956581302626,0.0671397983640405,0.21709006928406466,0.02771362586605081,0.8984401283879266,0.012807834445433807,1732.0,433.0,0.1710834600344997,1.499013422350099e-11
1118,ITV PLC,433,-0.038053642939134734,1.0014062230128848,1.2234580137702493,7.4742147744727525,0.153878723859741,2.0314472440577533e-09,1088.4023198027,4.5335583471315547e-237,0.04387990762124711,0.013856812933025405,1.3521484730105628,0.030547754634162847,1732.0,433.0,0.13893479992257818,9.398892765477581e-08
1138,Next PLC,433,0.028066086259251707,1.0600036064965943,0.25846597005991845,-0.20294491732148412,0.15032304186904677,5.24458234049191e-09,5.617282911340355,0.060286839127035544,0.02771362586605081,0.004618937644341801,0.9589695598740156,0.03055016060538014,1732.0,433.0,0.16398086970622638,1.21316266947558e-10
1141,Credit Agricole,436,0.01622970325328449,0.8959080418882516,0.3400729600994391,0.5076123774738863,0.13358151044366773,3.026601940608563e-07,12.673789783429726,0.0017697891005718858,0.027522935779816515,0.0022935779816513763,1.3268575437829446,0.06017910978902995,1744.0,436.0,0.13953906148361883,7.213268451515421e-08
1161,Unibail,434,0.02239585801581288,1.9556195171258794,1.8842164276628275,17.273207585296944,0.3897847327653524,6.791924265237031e-60,5518.7187689182865,0.0,0.14516129032258066,0.06912442396313365,1.8260311702814842,0.008590869383500187,1732.0,434.0,0.4068957625385501,1.878645636580966e-65
1162,Swedish Match,433,0.3913701887538198,44.65618665960216,0.8173093176888239,4.133801714054408,0.2971654742390139,2.1566906195261628e-34,347.08365153959033,4.282946887356256e-76,0.4295612009237875,0.40877598152424943,1.5,0.0001621665461080668,1732.0,433.0,0.29025487563220553,8.409549960581946e-33
1345,UBS,433,0.03546720795303905,1.0038480023695422,0.620489908183964,2.652991789590562,0.15984959752760297,3.926678002395709e-10,150.365090862396,2.23169779222994e-33,0.03464203233256351,0.011547344110854504,1.6648590719372818,0.054145049770264894,1732.0,433.0,0.17397306260002926,6.238246537061763e-12
1370,Japan Tobacco,426,0.21033676824727807,21.775798861110047,1.506673591440616,13.751950365769513,0.2018779342723005,1.0721624459054802e-15,3431.9953830412614,0.0,0.27230046948356806,0.19483568075117372,1.5,0.00033512064343166337,1703.0,426.0,0.35383045648134703,3.254198530562203e-48
1408,Rentokil Initial,433,0.011710877139748966,4.075051179350573,0.08813243779992234,3.894563646337641,0.2283029623414975,2.5556316152563445e-20,266.02573813459543,1.7109800352221133e-58,0.45265588914549654,0.45265588914549654,1.3700076148046902,0.0036047019748260225,1732.0,433.0,0.24435282647412115,2.9978121815004174e-23
1506,Xstrata,434,0.07650715300959575,1.1072588435748694,1.1422916081337584,6.091206108251047,0.14939878395447942,6.392799474305747e-09,746.3514552667159,8.547531473150879e-163,0.06221198156682028,0.02304147465437788,1.2887356974691677,0.04561702854131661,1732.0,434.0,0.155938072489596,1.105394008353395e-09
1507,Sabmiller,432,-0.3476912166648439,14.840311668824633,4.829922444344467,61.742636420067555,0.2638888888875584,4.8614492466453165e-27,68682.16198695649,0.0,0.48148148148148145,0.48148148148148145,1.9083603489644272,0.0026320534334164122,1728.0,432.0,0.260607778082083,2.259763339853874e-26
1903,Carlsberg,436,-0.04243701158694967,1.3869095146951118,0.673550118855364,2.4748141247138076,0.20903770191625604,3.432538607724525e-17,140.25920313038614,3.492215391962897e-31,0.11926605504587157,0.03669724770642202,1.4397564525321136,0.019136055897615804,1743.0,436.0,0.20123055538019152,5.940273120232663e-16
2576,Royal Dutch Shell,436,0.46977875521996193,8.421988416709839,0.29782930400007,1.8120820869313485,0.34621885396841734,3.4182695914271153e-47,63.80799057200574,1.3940260730279871e-14,0.694954128440367,0.6857798165137615,1.6449573548342307,0.0034964346204324976,1743.0,436.0,0.15733462737139314,6.810661688348094e-10
2611,Anheuser-Busch,191,-0.45887958994790373,47.255314595541,-0.22308679370221318,2.300316715811949,0.35602094240837695,3.5970190336511365e-22,40.40371313430011,1.6843997515353887e-09,0.6910994764397905,0.6910994764397905,1.5,0.00023315458148753798,761.0,191.0,0.1467127520053857,0.0004723549127197094
2615,Brisa,192,0.06505366837777686,1.4380195097627817,0.48497179673634117,0.27345173813762536,0.1454626081072029,0.0005215317019170949,7.851838078377248,0.019724001408917592,0.14583333333333334,0.020833333333333332,1.0453183178821452,0.028701695343767895,765.0,192.0,0.09238846381089533,0.07074121255131305
2894,ING Bank,88,0.10555946716131553,1.46953430520748,-0.09572243447266797,-1.4723311722691927,0.3176086546560527,2.15570379279252e-08,7.918005697620091,0.019082132579189958,0.10227272727272728,0.0,0.4986552267474906,0.015699102598429094,349.0,88.0,0.20705231134614166,0.0008710102173110634
2895,Lloyds TSB Group,88,0.04454951234873476,1.3035252668335942,0.19441547786957494,-1.0077291137085578,0.20883039677283266,0.0007620620466094463,4.3412983730657,0.114103518394067,0.03409090909090909,0.011363636363636364,0.8015252862071676,0.037931371815735644,348.0,88.0,0.15297721851258222,0.02903169638952463
2897,Societe Generale,88,-0.05108169957918172,1.306972903122203,0.1117538747738698,-1.4001707864087147,0.2670329658491186,4.96847089697181e-06,7.25405005407224,0.026595186797333432,0.045454545454545456,0.0,0.6268886888823673,0.02979011054736476,348.0,88.0,0.19863393246025352,0.0016137846416468538
2899,BBVA,88,-0.011667159938551002,1.1291281669456903,0.17786862791660757,-0.5456014999671788,0.1592934228444306,0.020369005905109927,1.6924051713018924,0.42904108918657624,0.022727272727272728,0.011363636363636364,1.0330666428615911,0.048383581788922284,350.0,88.0,0.13068583593587263,0.09034434291175275
2900,Banco Santander,88,0.0035595066914347077,1.128133495788652,0.13406141086477533,-0.9199601523059688,0.16505300660921052,0.014559258889932147,3.466518258662816,0.1767075576780624,0.022727272727272728,0.011363636363636364,0.959681740281486,0.0496469317368579,349.0,88.0,0.14072888749229823,0.05538932740647595
2901,Commerzbank,88,0.011694498467235897,0.9535773255209827,-0.0296953060052515,-1.218219557857905,0.14461738046847905,0.045384951795252704,5.447712024197015,0.06562122968771296,0.022727272727272728,0.0,0.6752671861720481,0.07093724777294207,350.0,88.0,0.15100249363261153,0.03233695910142964
2902,Deutsche Bank,88,0.03108819555925072,0.944022822688142,-0.09528388855330466,-0.7844695530977024,0.10090925029993147,0.3105068651740671,2.5225697856921427,0.28328979551936256,0.022727272727272728,0.0,0.917566657680328,0.07518989698321432,349.0,88.0,0.1011376860851303,0.3079703377809552
2903,HSBC Bank,88,0.006416170105179243,1.0979157157969577,0.0006714974891366013,-1.3091992409861712,0.18642356087464995,0.003767384725609335,6.229153774821542,0.044397288225529054,0.011363636363636364,0.0,0.6887402267936368,0.053495055322472895,349.0,88.0,0.16519254955724316,0.014439128793678147
2904,Royal Bank of Scotland,88,0.05589975348114729,1.1760835173282136,0.32753080451861677,0.11920260330708166,0.1243278494673713,0.12084732227400385,1.5274198521549296,0.4659346335359772,0.045454545454545456,0.011363636363636364,1.122824639939095,0.0505396539738686,348.0,88.0,0.09204880478963606,0.4198560723125785
2905,Unicredito Italiano,88,0.01561430682413667,1.0313588390486816,0.06439105074928674,-0.5231679407959877,0.11969634141901331,0.14800119952233382,1.21406997947121,0.5449643007171527,0.03409090909090909,0.0,1.070710486235349,0.06250389200759876,348.0,88.0,0.10819161615227724,0.23668413850366443
2906,Barclays,88,0.02343931464701637,1.2047385082612763,0.20923062497764067,-0.7855092490409685,0.1921887457362752,0.0025420070130732775,3.020017110732876,0.22090808800165163,0.045454545454545456,0.011363636363636364,0.9234090038712761,0.047221176413458014,350.0,88.0,0.1563132999825277,0.024119501259997844
2907,Standard Chartered Bank,88,-0.02762106124585723,0.9065287972011652,0.08113731774384476,-0.9279542266254435,0.11436605077943013,0.185085838317685,3.357157305748674,0.18663906650270745,0.022727272727272728,0.0,0.8790240173969921,0.0759431310000565,348.0,88.0,0.1258149204112916,0.1130464489936509
2908,Intesa San Paolo,88,0.014554733046305744,0.9566198275002754,0.07550253331358707,-0.7964586859033318,0.1256319098516262,0.11398355486414857,2.5422409241792523,0.2805171368097527,0.022727272727272728,0.0,0.9791822272209303,0.07692430369951098,350.0,88.0,0.12739143342714299,0.10523358678769412
2909,Credit Suisse,88,0.023510085982789263,1.4897004171183301,0.09570201712328173,0.7505742515595579,0.1533366835637282,0.028463109292515387,1.6372031169335202,0.44104800328763527,0.125,0.03409090909090909,1.2636364486351417,0.03459553420421717,349.0,88.0,0.08254037164657213,0.5582980488595144
2910,BNP Paribas,88,-0.0460800606934761,1.157980521796805,0.2076530627811624,-0.7705954259682581,0.19142109720417294,0.002680618615313879,2.9278951992856825,0.23132130604780607,0.045454545454545456,0.011363636363636364,0.9149522941441557,0.0426562048796758,350.0,88.0,0.14979759345424004,0.03451195509184968
2911,Credit Agricole,88,-0.04986661962582994,1.287673655366473,0.1181094784311201,-1.3547027695304246,0.2576242663992488,1.223559596390955e-05,6.84417716728082,0.03264418358171277,0.045454545454545456,0.0,0.664972652458695,0.03155131704431456,350.0,88.0,0.1951967726544135,0.002060209665348256
2912,UBS,88,-0.044694087217449587,1.8109083288919985,0.11958993440067289,-1.5325246730097613,0.3648029835429689,5.276322125671598e-11,8.610011961316118,0.01350080479786379,0.32954545454545453,0.011363636363636364,0.7074177559347765,0.013314333239124737,348.0,88.0,0.21772673218156913,0.00038364640565209207
2924,Danske Bank,86,9.21189918619857,192.46081594228724,6.585854715091921,54.67723187732792,0.4069767441860465,2.18352000797677e-13,10096.852964722804,0.0,0.7558139534883721,0.7558139534883721,2.606923191284085,0.0015302193920813732,343.0,86.0,0.24645791142591877,4.364362797296316e-05
2927,Mediobanca - Banca di Credito Finanziario,86,-0.0158370378001037,1.2658673206211646,0.054378904170927805,-1.1613385464809542,0.18717115440062188,0.004125978490632121,4.894909474581556,0.08651350610499141,0.03488372093023256,0.011627906976744186,0.7791805704812834,0.03221070760090482,341.0,86.0,0.13487626070796188,0.07959694718180788
2930,Svenska Handelsbanken,86,-0.23134010300098434,17.53233483023879,1.3667573352580844,6.35672018615508,0.3953488372093023,1.2450105677087417e-12,151.6035421677758,1.2014594004645077e-33,0.7558139534883721,0.7558139534883721,1.3898355408804037,0.0008771631327338069,341.0,86.0,0.12481811018964173,0.1258532605976569
3082,Rabobank,86,19.43436360788261,236.09723134182533,4.172619986325536,30.716361857254427,0.40697674418604646,2.1835200079767913e-13,3231.729867472761,0.0,0.7558139534883721,0.7558139534883721,2.833336501443886,0.001787465190577599,342.0,86.0,0.27884281810174116,2.0955848853497916e-06
3122,Bayerische Landesbank,75,0.49448363495600545,11.583031850862287,0.07814376485045557,1.4298581629437876,0.29333333333333333,3.2634990198082885e-06,5.0136916757102,0.08152497712829926,0.5866666666666667,0.5866666666666667,1.1074868099809951,0.0005501844798929352,299.0,75.0,0.19868297889531783,0.004529633062368199
