CDS_Id,Name,n,mean_z,std_z,skew_z,excess_kurtosis_z,KS_stat,KS_p,JB_stat,JB_p,exceed_abs_z_gt_2,exceed_abs_z_gt_3
2,Accor,2166,-0.00022279423815708694,0.9949878190806006,-0.0007106743845552726,0.04719397932520453,0.13180978762696216,2.832633237431336e-33,0.17742717491262502,0.9151076343492158,0.04478301015697138,0.002770083102493075
3,Adecco,2165,-0.000177375062120359,0.9945772451539856,-0.0005369767817150045,0.051987982263832944,0.13533487297921476,4.8013362140482996e-35,0.21756055735774588,0.8969274699377814,0.045265588914549654,0.002771362586605081
6,Aegon,2184,-8.236803214359989e-06,0.9992180300066541,-2.56283318367969e-05,-0.0032795806046843623,0.06959706959706957,1.2113827154874195e-09,0.0032960037985590006,0.9983533553101869,0.045787545787545784,0.0027472527472527475
9,Ahold,2166,-0.00022785800983573506,0.9958420498988668,-0.0007051131400576094,0.036805126340662575,0.12373037857802405,2.3282774047293624e-29,0.10421028434113766,0.9492290575924187,0.04524469067405355,0.002770083102493075
12,Air Liquide,2166,-0.00030735805831697325,0.9926501663319762,-0.000992286949920114,0.07524831863573178,0.14958448753462605,8.983523399529142e-43,0.4721951776785677,0.7897036039141928,0.04524469067405355,0.002770083102493075
13,Akzo Nobel,2166,-0.0003015835348841939,0.9921646113971685,-0.0009853872370032552,0.08125278898696031,0.15281625115420128,1.2445653986434365e-44,0.553613981546387,0.7582008227435172,0.04478301015697138,0.002770083102493075
18,Allianz,2170,-3.89979604148032e-05,0.9990835941273821,-0.00012983879794332506,-0.0018516496205238653,0.0735023041474655,1.2175694092223542e-10,0.0019285407921605059,0.9990361943632216,0.04470046082949309,0.0027649769585253456
19,Allied Domecq,2184,-0.0010173111437233495,0.9779428900617653,-0.0037255050069149548,0.2566850015863369,0.21336996336996344,9.717927246631826e-88,5.846071356956668,0.053770210224023736,0.045787545787545784,0.0027472527472527475
20,Alstom,2166,-2.6717134707381902e-05,0.995391404090337,-8.63881543728462e-05,0.042450958050061605,0.1283471837488458,1.4478557210417215e-31,0.1414163796270656,0.9317337418583522,0.04478301015697138,0.002770083102493075
21,Altadis,2166,-0.0005738237906572379,0.9902909531482392,-0.0019273656884817479,0.10354253802585767,0.16366574330563255,3.622816810749203e-51,0.913519382694228,0.6333325170613064,0.045706371191135735,0.002770083102493075
24,Anglo American,2166,1.4020264283670704e-05,0.9992643353943459,1.0523016279391855e-05,-0.004093524089204603,0.06786703601108035,4.054287962845192e-09,0.004238363991152373,0.9978830618852452,0.04524469067405355,0.002770083102493075
25,Arcelor Mittal,2166,3.2443074077685438e-06,0.9998154492688144,5.28300184703839e-06,-0.010528800156471174,0.03762696214219763,0.00422623566269411,0.015900337759561557,0.9920813501303679,0.04524469067405355,0.002770083102493075
27,Arcelor Finance,2166,0.0005871547997157697,0.974232885781362,0.002208173132639085,0.304528977746235,0.22437673130193914,2.746467673178171e-96,8.181630603668525,0.016725591592671746,0.04524469067405355,0.002770083102493075
29,Astrazeneca,2166,-0.000426713483185993,0.9889787641239483,-0.0014210662491994065,0.11988989629428781,0.1708217913204063,9.927798996660088e-56,1.2328788509687805,0.5398632428473618,0.045706371191135735,0.002770083102493075
30,Auchan,2166,-0.0001918505628459297,0.9955454186179067,-0.000601591766841006,0.04046658497846156,0.12673130193905818,8.754955135110149e-31,0.12775235896823373,0.9381211509844904,0.04524469067405355,0.002770083102493075
31,Atlantia,2165,-7.135623280944148e-05,0.9899287959505088,-0.00024531071429540033,0.10853191036831156,0.1660508083140878,1.2157004453532305e-52,1.0042788090431198,0.6052344323485297,0.045265588914549654,0.002771362586605081
34,Aviva,2170,-2.758297987458632e-05,0.9990801356199348,-8.526299006949045e-05,-0.001724877858448437,0.07373271889400923,1.0503528404814788e-10,0.0018210604272991386,0.9990898841931992,0.0456221198156682,0.0027649769585253456
37,AXA,2184,-2.6195792904349545e-05,0.999257095887116,-7.832234538566066e-05,-0.003770428217317434,0.06822344322344331,2.776726859635807e-09,0.0038562095178976013,0.9980737528409578,0.045787545787545784,0.0027472527472527475
38,LHR Airports,2166,-1.9711443263462022e-05,0.9832490769111271,-6.435046463512658e-05,0.19082202531729964,0.19575253924284397,3.406981879201588e-73,3.1766789267640885,0.20426451898591327,0.04524469067405355,0.002770083102493075
39,BASF,2166,-0.00034722354892873864,0.993175104217061,-0.0010980245233277906,0.06881290985719835,0.14589104339796866,1.0660357443555645e-40,0.39219911710842614,0.8219304004022753,0.04524469067405355,0.002770083102493075
40,British American Tobacco,2166,-0.0003849337735385904,0.9926358795210697,-0.0012417237892388504,0.07533668390302006,0.14958448753462605,8.983523399529142e-43,0.47354737981138995,0.7891698649165221,0.045706371191135735,0.002770083102493075
41,Bayer,2150,-0.00036430916687158426,0.9925106080977316,-0.0011855415663536047,0.07688442346650026,0.15046511627906978,5.85185919286415e-43,0.4899526875318919,0.7827230543026293,0.045581395348837206,0.0027906976744186047
43,Bertelsmann,2166,-0.0002702596649095971,0.9952258485822766,-0.000829423663554882,0.04399038932585464,0.1295013850415513,3.9476730120482783e-32,0.15284837492954567,0.9264231461139621,0.04524469067405355,0.002770083102493075
45,BMW,2166,-6.57218216220873e-05,0.9985909675802771,-0.00019881164864275305,0.0040524907963170875,0.08564173591874424,2.8585447307547534e-14,0.00016080932673421088,0.9999195985690013,0.04524469067405355,0.002770083102493075
48,Alliance Boots,2165,-9.229431774391288e-05,0.9991245712758687,-0.00028475003057572236,-0.002398012419045248,0.07182448036951505,3.7070885665418873e-10,0.0024334524861093026,0.9987840136682004,0.045265588914549654,0.002771362586605081
49,Bouygues,2166,-0.00022238013917624068,0.9942713049541121,-0.000717615984458065,0.0557724596589817,0.1378116343490305,2.406033523599314e-36,0.2525034262288161,0.881392960691615,0.04524469067405355,0.002770083102493075
52,BAE Systems,2166,-0.00016846658196520883,0.992899654764368,-0.0005210984076294708,0.07203425297616617,0.1479686057248385,7.370022142537355e-42,0.43101540856214543,0.8061320595662244,0.04524469067405355,0.002770083102493075
54,BT Group,2166,-0.00013756150426652984,0.9971332907518042,-0.00041468312324244506,0.021207120135247504,0.10918744228993538,6.058805510944681e-23,0.030581812530052318,0.984825406047304,0.04524469067405355,0.002770083102493075
55,BSkyB,2166,-0.0003832434694813033,0.9921444186645064,-0.0012371882293755949,0.0812498313651675,0.15281625115420133,1.2445653986433441e-44,0.5537740327733827,0.7581401496852543,0.046168051708217916,0.002770083102493075
57,Cadbury Schweppes,2182,-0.0005312148060889583,0.9913387154393858,-0.00174959803621862,0.09097709116351549,0.15765352887259398,7.765736856579567e-48,0.7054942879523654,0.7027548667147236,0.0462878093492209,0.002749770852428964
59,Carlton Communications,2166,-0.00020655438768182592,0.9980269142882106,-0.0006572093954096452,0.01049602480166989,0.09556786703601111,1.140524535255065e-17,0.005510810752065685,0.9972483872691357,0.04524469067405355,0.002770083102493075
60,Carrefour,2166,-0.00019638217122181677,0.9972750317756116,-0.0006005218674365344,0.019477427717364826,0.10710987996306559,4.293136023542272e-22,0.025190497001621317,0.9874837396685979,0.04524469067405355,0.002770083102493075
61,Casino,2166,-2.1666231649921215e-05,0.9985949996424964,-4.68529736379919e-05,0.00395549216693869,0.08564173591874424,2.8585447307547534e-14,0.00012593682183058267,0.9999370335715535,0.04524469067405355,0.002770083102493075
67,Compass Group,2166,-0.000374156363768067,0.9922578517418484,-0.0012217674419985987,0.08002362287206877,0.15212373037857807,3.1380871487786846e-44,0.5366066423422566,0.7646758035625228,0.04524469067405355,0.002770083102493075
68,Continental,2166,-2.4056487593767003e-05,0.9993432810889586,-6.69011861663565e-05,-0.004927941092519372,0.0650969529085873,2.0089145850634798e-08,0.005332232327607561,0.997337434767463,0.04524469067405355,0.002770083102493075
70,Daimler,2166,-4.1034826300649086e-05,0.9989207090972859,-0.00012621988801858063,0.0001499161498541568,0.0780240073868883,6.467962777471206e-12,0.0006248934293990164,0.9996876020916919,0.04524469067405355,0.002770083102493075
71,Danone,2163,-0.0003301780472960069,0.9926383992546818,-0.0009722411455646632,0.07486552794220636,0.14956079519186316,1.0604777205459092e-42,0.46650981367820155,0.791951673894696,0.045307443365695796,0.002311604253351826
72,Degussa,2166,-0.0005879627857073317,0.9863429750343264,-0.002018968123269188,0.1520806826952894,0.18305632502308405,5.398019562700561e-64,2.004062094030503,0.3671330189963362,0.045706371191135735,0.002770083102493075
73,Deutsche Bahn,2166,-0.0018872508635253556,0.9624766298170915,-0.0077878271655894594,0.45656803467848794,0.2518467220683287,1.475906470062787e-121,18.521211190431384,9.509771698046141e-05,0.045706371191135735,0.002770083102493075
74,Deutsche Post,2166,-0.0007648515659718002,0.9864658279997527,-0.002617789772590814,0.15038607562534168,0.1823638042474608,1.6434213519219626e-63,1.959862449322072,0.37533691188707996,0.04524469067405355,0.002770083102493075
75,Deutsche Telekom,2166,-0.00025583026877644215,0.9963116522812281,-0.0010357534110577403,0.02980356659639538,0.11842105263157898,6.3546388016268486e-27,0.06601343154204246,0.9675320618434303,0.04524469067405355,0.002770083102493075
76,Diageo,2166,-0.0004290164936346374,0.993315128860244,-0.001379121915490769,0.06700763959480138,0.14473684210526316,4.625531120533661e-40,0.3713236073476344,0.8305544379488352,0.04524469067405355,0.002770083102493075
78,DSG International,2182,-8.318707543748338e-06,0.999732145083284,-2.4614555304276884e-05,-0.009438714199342169,0.045371219065077906,0.00024266757818720378,0.013456076168000132,0.9932945444903737,0.045829514207149404,0.002749770852428964
80,DSM,2184,-0.00043242895650208365,0.9928966810287372,-0.0015047116044598578,0.07175502699325698,0.1476648351648352,4.961165984197911e-42,0.4321279948073278,0.8056837385560963,0.04532967032967033,0.0022893772893772895
81,EADS,2166,-3.417419579524677e-05,0.9950851606420759,-0.0001089013154170411,0.04610491578404918,0.13111726685133895,6.274655185674953e-33,0.1686645019866824,0.9191258248896985,0.04524469067405355,0.002770083102493075
82,EDF,2184,-0.00013005157177071804,0.9963811631627909,-0.0004949108112449575,0.029992565712547936,0.11813186813186816,5.173757568564714e-27,0.0673053623960806,0.9669072714001853,0.045787545787545784,0.0022893772893772895
83,Edison,2180,-0.0002746799088860621,0.9956602666304057,-0.0008704397004254378,0.03907506788654924,0.12545871559633026,2.2835130348085533e-30,0.11953334737473675,0.9419842976676117,0.045871559633027525,0.0027522935779816515
84,Energias de Portugal,2184,-7.584897659470605e-06,0.9996501481467909,-7.806464241122869e-06,-0.008533935574869922,0.050824175824175866,2.4202256350447105e-05,0.011538526036446273,0.9942473472213652,0.04624542124542125,0.0027472527472527475
85,Electrolux,2166,-0.00028942718578108657,0.9916141039127531,-0.0009585871388667056,0.08789696056628982,0.1562788550323177,1.1450770504009322e-46,0.6512432360644413,0.7220783571768832,0.045706371191135735,0.002770083102493075
88,Endesa,2166,-0.00017151934263555165,0.9961204315835541,-0.0005097160166894801,0.03344631888194227,0.120960295475531,4.482459310253102e-28,0.08460212019434513,0.9585811465934365,0.04524469067405355,0.002770083102493075
90,ENEL,2166,-2.7026729399496753e-05,0.9992257919216002,-8.431683619900783e-05,-0.0034772911321203637,0.06925207756232687,1.7762287080433982e-09,0.0035145125025509466,0.9982442868195016,0.04524469067405355,0.002770083102493075
91,EnBW,2184,-0.00010560526305114707,0.994630746914445,-0.0002814153419369788,0.05088991850210789,0.13484432234432242,4.28020483622981e-35,0.20993302188516985,0.900354674110765,0.045787545787545784,0.0022893772893772895
92,ENI,2166,-0.00018476910913297278,0.994306476063029,-0.0005931063623276076,0.05542053288907933,0.1375807940904894,3.176742353646351e-36,0.2491047014123605,0.8828920401347597,0.04478301015697138,0.002770083102493075
93,E.ON,2166,-0.00017950646429831766,0.9952010085541676,-0.0005638911092761993,0.044644513514112916,0.12996306555863346,2.3396566651554917e-32,0.15759726501556962,0.9242260147830226,0.04524469067405355,0.002770083102493075
94,Ericsson,2165,-0.000461047029385563,0.9875210777933771,-0.0015275442538652854,0.13749532689565447,0.1778290993071594,2.306162805616294e-60,1.630498155133464,0.44252908956420334,0.045727482678983834,0.002771362586605081
97,Finmeccanica,2166,-6.252100905204592e-05,0.9989741849782744,-0.00019217514467650715,-0.0006183080259978269,0.0764081255771007,1.9139159479401982e-11,0.0010478379922284362,0.9994762182254776,0.04524469067405355,0.002770083102493075
103,Fortum,2166,-0.0003226206865480098,0.9940454991387137,-0.0010164923743101026,0.05832001704615619,0.1394275161588181,3.3945243740175072e-37,0.27753093078406116,0.8704321509837126,0.04524469067405355,0.002770083102493075
105,Orange,2166,-0.00011978045149082209,0.9961903457559838,-0.0005976239114410549,0.031401623083155084,0.1200369344413666,1.1834020461408344e-27,0.07374524279304699,0.9637988948876812,0.046168051708217916,0.002770083102493075
106,Gallaher,2166,-0.0006523422832837638,0.9864889110647006,-0.0022284476995858495,0.15022890788423116,0.1823638042474608,1.6434213519219626e-63,1.9550162193398528,0.37624749916829453,0.04524469067405355,0.002770083102493075
107,Gas Natural,2180,-1.0596292859808703e-05,0.9989528668933152,-3.092267784385628e-05,-0.0001409202063311632,0.07729357798165137,8.958293718030081e-12,0.0007598514377206192,0.9996201464437765,0.0463302752293578,0.0027522935779816515
108,GDF Suez,2184,-0.00011407837207130026,0.9952481019560616,-0.0003581304356203402,0.04408768153510989,0.12957875457875456,1.9716141289067698e-32,0.15481987879161627,0.925510372666731,0.045787545787545784,0.0027472527472527475
111,Generali,2166,-1.8616772032726684e-05,0.9994279657968917,-5.777413297867907e-05,-0.005898180610933945,0.06186518928901208,1.1944130442509345e-07,0.0067592104059571965,0.996626099234627,0.04524469067405355,0.002770083102493075
112,GlaxoSmithKline,2166,-0.00047081185970025826,0.9877131847145495,-0.0018580631008637098,0.1339956730820635,0.17682363804247458,1.0374040585247598e-59,1.5480806597475734,0.46114611686893603,0.04524469067405355,0.002770083102493075
116,Experian Finance,2166,-0.0005234501636930939,0.9898455928198947,-0.0017474327391947461,0.10924279033156825,0.1662049861495845,9.185609361232094e-53,1.0194012342204728,0.6006753838278707,0.04524469067405355,0.002770083102493075
119,Hannover Re,2181,-5.241250141634059e-05,0.9984990332070841,-0.00014545726822291563,0.005182493289536794,0.08757450710683179,5.291564464137646e-15,0.0005402541503530757,0.9997299094058569,0.04585052728106373,0.002751031636863824
120,Hanson,2164,-0.0001579122406819983,0.9985672219808347,-0.0004871036721146477,0.004139546505906644,0.08548983364140483,3.295852386409735e-14,0.0002518921032921586,0.9998740618792249,0.045748613678373386,0.0027726432532347504
124,Heineken,2166,-0.0007098880605239757,0.985113607476537,-0.002418981096056175,0.1669347764870186,0.18813481071098803,1.3449477683451297e-67,2.4229910437456574,0.29775165218178734,0.04524469067405355,0.002770083102493075
125,OTE,2165,1.5406573704647632e-06,0.9994777843208487,4.52908427392508e-06,-0.0064764564903319055,0.05981524249422637,3.555255919199327e-07,0.007687768357722619,0.9961634940871681,0.045727482678983834,0.002771362586605081
126,Henkel,2166,-0.0003856660316267739,0.9901686425274262,-0.001278880321173804,0.1054616508356756,0.1645891043397969,9.585559258098741e-52,0.9478456142698224,0.6225553075407777,0.04524469067405355,0.002770083102493075
127,Ladbrokes,2184,2.537578774293849e-05,0.9990378912321853,8.573462455926748e-05,-0.0012411861945178515,0.07486263736263737,4.320732311831779e-11,0.0014472950911594185,0.9992766142241586,0.045787545787545784,0.0027472527472527475
128,Holcim,2166,-0.00015141042373452963,0.9973354857750221,-0.0007090465237050091,0.017747820465662922,0.10618651892890119,1.0125826228584723e-21,0.020320169137857794,0.9898913547336751,0.04524469067405355,0.002770083102493075
129,Iberdrola,2166,-5.5198843056650826e-05,0.9987693413790841,-0.00016956060737491674,0.0019653554229175363,0.08171745152354576,4.973293210773724e-13,6.928320245628766e-05,0.9999653589987852,0.04524469067405355,0.002770083102493075
131,ICI,2166,-0.0010393987933300646,0.9784714077904986,-0.003810852240010784,0.24968073055155005,0.21168051708217916,1.2197286996615156e-85,5.481731081917255,0.06451448279304065,0.04524469067405355,0.002770083102493075
134,Imperial Tobacco,2166,-0.0005812144776526604,0.9892202941287198,-0.0019463023665068067,0.11679390196190376,0.16943674976915973,7.861087095043488e-55,1.169232294282562,0.557319749537921,0.045706371191135735,0.002770083102493075
135,ING Bank,2180,-6.242563003925635e-05,0.9979931784433252,-0.00024769536734049557,0.011028957985690369,0.09678899082568815,3.1542061955362113e-18,0.006208572214162465,0.9969005272071131,0.045871559633027525,0.0027522935779816515
141,Investor,2166,-0.0012617274080592479,0.9621556474530943,-0.005172776694427484,0.46185821033913177,0.2527700831024931,1.8455152201776172e-122,18.942826249528988,7.702248815688809e-05,0.04524469067405355,0.002770083102493075
143,ISS International,2179,-0.0001224679649291439,0.9904593092816733,-0.0004076132121287303,0.10219159615887685,0.16314823313446536,3.791944709904778e-51,0.8935977324477502,0.6396725550932463,0.04589261128958238,0.0027535566773749425
144,Kelda Group,2165,-0.00329677141248441,0.930938776588446,-0.01668257197072189,0.9009540742420596,0.30254041570438805,2.647050920268667e-176,72.53788875948688,1.7725463137916518e-16,0.045265588914549654,0.002771362586605081
145,Kingfisher,2183,-0.00013664045395594,0.9977049410233939,-0.0004162820485364567,0.014657625432627608,0.10123683005038941,6.249935302873563e-20,0.012893444841937572,0.9935740131113495,0.04626660558863949,0.002748511223087494
147,KPN,2165,-4.193783178929938e-05,0.9971596187078909,-0.000100145141043312,0.02099803331728589,0.10900692840646653,7.366782515509246e-23,0.029816904801134053,0.9852021283645254,0.045265588914549654,0.002771362586605081
148,Lafarge,2165,-1.1201613841966013e-05,0.999204825118888,-3.8080445162638856e-05,-0.003230729133497423,0.0699769053117783,1.1568935363351699e-09,0.0032408341528796323,0.9983808950904628,0.045265588914549654,0.002771362586605081
153,Linde,2165,-0.0004281292469859206,0.9931804657988128,-0.0014044601209651916,0.06867589992015599,0.14572748267898383,1.370702317635895e-40,0.3906551677799783,0.8225651548227834,0.045265588914549654,0.002771362586605081
154,Lloyds TSB Group,2164,-3.366455940156676e-06,0.9993452918989033,-1.0091342680899314e-05,-0.004902845487665619,0.06515711645101663,1.974950877058367e-08,0.005294608938476215,0.9973561965511346,0.04528650646950092,0.0027726432532347504
156,Lufthansa,2165,-1.531007411989805e-05,0.9979337712176727,-5.004659243534294e-05,0.011961686682678607,0.0979214780600462,1.6013654973509828e-18,0.007576492632021074,0.9962189200369055,0.045727482678983834,0.002771362586605081
157,LVMH,2165,-0.00044044267591616574,0.9927679293752537,-0.001333072741797875,0.0731403659435168,0.14849884526558893,3.8717214611279516e-42,0.4452093195605013,0.8004312294096704,0.045727482678983834,0.002771362586605081
159,Marks & Spencer,2165,-4.3046309199866924e-05,0.9991772274473983,-0.00013210298847704684,-0.0029542946226355227,0.07066974595842956,7.576353069130567e-10,0.002955242343100923,0.9985234699731138,0.04480369515011547,0.002771362586605081
162,Metro,2165,-8.154735282085094e-05,0.9987103606263077,-0.0002477590064818875,0.002590706584717939,0.08290993071593533,2.1471230085157794e-13,2.521816274063008e-05,0.9999873909981238,0.045265588914549654,0.002771362586605081
164,Michelin,2165,-2.9162803619839574e-05,0.9982608249112686,-0.0001328946369465382,0.007805344235834788,0.09214780600461897,1.8965538097664658e-16,0.0022771568668082066,0.998862069501089,0.045265588914549654,0.002771362586605081
165,O2,2165,-0.001735568230820592,0.9684331452076267,-0.006516645326479725,0.37652147345089926,0.23856812933025406,6.572027291737304e-109,12.557983857168287,0.0018752900680141615,0.045265588914549654,0.0023094688221709007
169,Munich Re,2169,-6.746452473365253e-05,0.998665201343863,-0.0001927752111350593,0.0030230258202976756,0.08390963577685573,9.829042866161715e-14,1.9113143097552316e-05,0.9999904434741151,0.045182111572153065,0.0027662517289073307
171,National Grid Elec,2166,-0.00022772136777654095,0.9953435152642895,-0.0007214142358262294,0.04288361859604617,0.12857802400738694,1.1175282492707194e-31,0.14470233134223026,0.9302041826732614,0.04524469067405355,0.002770083102493075
172,Nestle,2165,-0.0003413723862043328,0.9921076478594827,-0.0011314713266279,0.08181668079201287,0.15311778290993072,8.710144146827171e-45,0.5614261034856227,0.7552450206324286,0.045265588914549654,0.002771362586605081
173,Nokia,2165,-1.9176656051602818e-05,0.9973104275790143,-0.00015483625518091535,0.018907339479114604,0.1069284064665127,5.20269775023657e-22,0.02337300864977563,0.9883815176293035,0.045265588914549654,0.002771362586605081
179,Pearson,2165,-0.00032119695701000905,0.9929935098530233,-0.0009318855575542477,0.0704909264106468,0.14711316397228646,2.3234929340339727e-41,0.4120331228966214,0.8138195981401034,0.045265588914549654,0.0023094688221709007
181,Pernod Ricard,2165,-0.0001987346162003599,0.9956832168319152,-0.0006301326380416846,0.03883992589931351,0.12540415704387997,3.893433074653049e-30,0.11692451860924634,0.9432138372740447,0.045265588914549654,0.002771362586605081
183,Peugeot SA,2165,-1.574376665198112e-06,0.9998575278798056,-1.0404909630268856e-05,-0.011054790803329162,0.03210161662817551,0.022574178172833314,0.017177719898218684,0.9914479189369482,0.045265588914549654,0.002771362586605081
185,Philips,2165,-0.0007894580064463187,0.983174236565426,-0.0025537741919144895,0.18978247630464296,0.19561200923787536,4.690446121091154e-73,3.14250202066572,0.20778507841447247,0.045265588914549654,0.002771362586605081
186,Kering,2167,-0.0002416872889087713,0.9968439788000447,-0.0007567005934681703,0.024788720570967815,0.11259806183664056,2.185360377655015e-24,0.04376491238116021,0.9783552278931817,0.04522381172127365,0.0027688047992616522
188,Portugal Telecom,2116,-9.984145340834995e-07,0.9997669578007067,-4.826906878317921e-06,-0.010191259453379953,0.04229678638941403,0.0009993485770929242,0.014903368936448724,0.992576010498402,0.04489603024574669,0.002835538752362949
192,Publicis Groupe,2165,-0.0003127551609639675,0.9923286625377588,-0.001016168982646111,0.07921769052127692,0.1517321016166282,5.534494059362567e-44,0.5250522426725653,0.7691062740225575,0.045265588914549654,0.002771362586605081
196,Reed Elsevier,2165,-0.0004655672190839535,0.9934782318866158,-0.0014544490547647236,0.0647021464195574,0.14341801385681296,2.5415624322750893e-39,0.3450970288571502,0.8415174620826297,0.04480369515011547,0.002771362586605081
197,Renault,2165,1.0073091927524971e-07,0.9995609014519379,-1.6975670156471717e-06,-0.007476707220553269,0.05588914549653584,2.5553180010922142e-06,0.00943970515216894,0.9952912684247112,0.045265588914549654,0.002771362586605081
198,Rentokil Initial 1927,2169,-0.00041856386640251104,0.9890275969996195,-0.0014109785180458267,0.1193541501915445,0.17058552328261878,1.1867326608225432e-55,1.223401757073603,0.5424274807516407,0.045182111572153065,0.0027662517289073307
199,Repsol-YPF,2165,-1.8427195505386885e-05,0.9990754499860929,-5.741796400418159e-05,-0.0016763461092952348,0.07390300230946889,9.943497054873271e-11,0.0017815704311905077,0.999109611415775,0.045265588914549654,0.002771362586605081
200,Thomson Reuters,2165,-0.001000251553805457,0.980635504809771,-0.0035815136801293137,0.2223929415538195,0.2046189376443418,5.829000425925767e-80,4.335434719906622,0.11443854099622168,0.045265588914549654,0.002771362586605081
207,Rolls-Royce,2165,-0.0002981969523365399,0.9910973487766416,-0.0010139579815042384,0.0940425275761414,0.15935334872979212,1.7138901801020972e-48,0.7482954443790096,0.6878752898793286,0.046189376443418015,0.002771362586605081
209,Royal & Sun Alliance Group,2162,-0.00026941187145726155,0.9862038474388684,-0.0009241907355949209,0.154146452489353,0.18385753931544868,1.9445459751683584e-64,2.054740017885631,0.35794712144823615,0.045328399629972246,0.0027752081406105457
211,RWE,2165,-0.00010131052248409722,0.9954781123081397,-0.00031811057440110294,0.041344282270122434,0.12748267898383375,3.9288334373217237e-31,0.13360039446631827,0.9353820745938152,0.045727482678983834,0.002771362586605081
212,Safeway,2165,-9.855198115741871e-05,0.9955466447136062,-0.00033396808919570185,0.040349746050315716,0.1267898383371825,8.474835275677124e-31,0.12680458718022006,0.938565818717373,0.045727482678983834,0.002771362586605081
213,J Sainsbury,2165,-5.438465365909909e-06,0.9980490077211666,5.42875547148359e-05,0.010224814073580557,0.09584295612009242,9.237621546825006e-18,0.004982521995018747,0.997511839617821,0.046189376443418015,0.002771362586605081
222,Scottish Power UK,2165,-0.0018235030358419375,0.8653596090842699,-0.013775060251863433,2.025145538564031,0.36489607390300227,6.961150595788368e-259,367.3172533188458,1.7301027159017252e-80,0.045727482678983834,0.002771362586605081
225,SES Global,2167,-0.0009234623731666195,0.9738882646759662,-0.003490120699081588,0.30861801947489287,0.22519612367328107,4.83912873535776e-97,8.411425733554807,0.014910153326701127,0.04568527918781726,0.0027688047992616522
227,Siemens,2165,-0.0005205518346617417,0.9894389055607722,-0.0017490221383909764,0.1141692726325152,0.16836027713625867,4.1068030229909116e-54,1.115278177924793,0.5725592308173427,0.045265588914549654,0.002771362586605081
228,SIX Continents,2166,-0.003499480284437818,0.9363323367167461,-0.017234003120948853,0.8198098805349585,0.29524469067405357,7.931043365272209e-168,60.075424373803834,9.011297924460722e-14,0.04524469067405355,0.0023084025854108957
229,Societe Generale,2165,-2.4775398255071288e-05,0.998857784443869,-7.402468984187089e-05,0.0009168750259056502,0.07967667436489612,2.1094212250582637e-12,0.0003124921440015751,0.999843766133781,0.045265588914549654,0.002771362586605081
230,Sodexho Alliance,2165,-0.0005457432659787608,0.989733742599732,-0.001789501918296118,0.11032497088465076,0.166743648960739,4.421984891790844e-53,1.0397536451165095,0.5945937840007791,0.045265588914549654,0.002771362586605081
232,Solvay,2165,-0.00015337573076824743,0.9924518097992717,-0.00048049695307713725,0.07773394204216055,0.15103926096997694,1.3861504049217373e-43,0.5045926099271548,0.7770144707115072,0.045265588914549654,0.002771362586605081
237,Statoil,2178,-0.000519717151189656,0.9899734670125355,-0.001733849120705903,0.10774090796405167,0.16551882460973377,1.286854650436865e-52,0.9966629475707228,0.6075435167726431,0.04591368227731864,0.0027548209366391185
238,Saint-Gobain,2165,-6.708072181792328e-05,0.9976621020901044,-0.0002030356811202413,0.015182073723416512,0.10207852193995381,4.2950654184848634e-20,0.013833770468299608,0.9931069813573264,0.045727482678983834,0.002771362586605081
239,STMicroelectronics,2165,-0.0006258072875985815,0.9844299074135439,-0.0021681361145471363,0.17576722556359314,0.19099307159353351,1.2239130766788354e-69,2.6888032368360646,0.2606956566763268,0.045265588914549654,0.002771362586605081
240,Stora Enso,2165,-1.2023396345227471e-05,0.9997829207735573,-3.62451048204888e-05,-0.010139312789937627,0.040877598152424977,0.001399838770799848,0.01497946400621984,0.9925382461464408,0.045727482678983834,0.002771362586605081
241,Suedzucker,2165,-0.000444452782760092,0.9920094931025082,-0.001403241986942083,0.08264900060196423,0.1535796766743649,4.684734020672428e-45,0.5735508236128621,0.7506803038397689,0.045265588914549654,0.002771362586605081
242,Suez,2180,-0.0001282445770051407,0.9955201717854698,-0.0004048391271880818,0.040886675618987844,0.1270642201834863,3.846061276601423e-31,0.13151239835652545,0.9363591215891145,0.045871559633027525,0.0027522935779816515
243,Svenska Cellulosa,2165,-0.0009160385471531263,0.9850476589400147,-0.0031508864864621122,0.1675365158148776,0.18822170900692842,1.2507731794847595e-67,2.4410703027242677,0.29507221636553965,0.045727482678983834,0.002771362586605081
245,Swiss Re,2165,-5.192302642512766e-05,0.9989003797092867,-0.00015906329798991473,0.0003970391704326559,0.07852193995381063,4.66603670260735e-12,0.0005175028158009568,0.999741282065358,0.045265588914549654,0.002771362586605081
247,Tate & Lyle,2165,-0.0004366796810893401,0.9919036423032632,-0.0013876738160647768,0.08401775535590694,0.1542725173210162,1.8412852830199828e-45,0.5933366618474167,0.7432904979567292,0.045265588914549654,0.002771362586605081
249,Telecom Italia,2165,-1.3340502070927812e-06,0.9997963347264398,-2.100805543816772e-06,-0.010298045817012547,0.03972286374133949,0.0020967326551560236,0.015349433127471944,0.9923546588760016,0.045265588914549654,0.002771362586605081
250,TDC,2164,-0.001010015985665023,0.9724528184807116,-0.003856042976693287,0.3267628558547515,0.22897412199630318,3.2760969258851727e-100,9.426162350631023,0.008977074984225323,0.04528650646950092,0.0027726432532347504
251,Telefonica,2165,-1.1215305045453958e-05,0.9992663339749507,-2.601216124563219e-05,-0.003988666736823632,0.06789838337182452,4.0169039243869674e-09,0.0041098058098766165,0.9979472069625976,0.045265588914549654,0.002771362586605081
252,Telenor,2165,-0.0003707161510509265,0.9937908064534364,-0.0011989327957997852,0.06143945435888609,0.14133949191685918,3.3791610065952984e-38,0.3095244840743099,0.8566188212195622,0.045265588914549654,0.002771362586605081
253,TeliaSonera,2164,-0.0004492736588918554,0.9933532629464593,-0.0014252503139654466,0.06640530703207137,0.14440850277264328,7.619673471567276e-40,0.36408417883800215,0.8335662553579988,0.04528650646950092,0.0027726432532347504
255,Tesco,2165,1.4122823468032782e-05,0.9973856197356528,0.0001999782441640429,0.017679830554286013,0.10577367205542726,1.516136429491845e-21,0.019958161148728427,0.9900705452396764,0.045265588914549654,0.002771362586605081
258,Thomson,500,0.0022475036139160956,0.9809437319992176,0.008206132150308144,0.18672678698776624,0.201,3.4925080246043155e-18,0.6282968163747736,0.7304106211990433,0.044,0.004
259,ThyssenKrupp,2165,5.249092830372115e-06,0.9997429318454385,3.1336261335851044e-05,-0.00972601785030447,0.044341801385681334,0.00038862106778774863,0.01403605177311922,0.9930065429486079,0.045265588914549654,0.002771362586605081
261,Total,2165,-0.00019624463347974534,0.9940846577294608,-0.0005808883576825869,0.057815063676527334,0.13926096997690535,4.3233994757671255e-37,0.2721247683471733,0.872788182620843,0.045265588914549654,0.002771362586605081
262,PostNL,2165,-4.1559095078234145e-05,0.99448158610896,-0.00013239980715826997,0.05337860040632636,0.13625866050808316,1.6047530471700325e-35,0.22992639508396404,0.891398948975571,0.045265588914549654,0.002771362586605081
265,Unilever NV,2163,-0.0003811385880272107,0.9914103652116789,-0.0012414888915997374,0.09022737062579012,0.1574202496532594,2.769218395269823e-47,0.6865787532507517,0.7094328885585811,0.045307443365695796,0.0027739251040221915
266,Union Fenosa,2167,-2.458632206674422e-05,0.9989924090756961,-8.235798688100272e-05,-0.0007542217176319532,0.07614213197969544,2.256780422391295e-11,0.0011212027407770716,0.9994395557372001,0.04522381172127365,0.0027688047992616522
267,United Business Media,2078,0.000559271247167956,0.9580260867230574,0.002366401757054955,0.5170146877433259,0.26106833493743986,1.9286827831432173e-125,22.77781569730243,1.1320358131275402e-05,0.04571703561116458,0.0028873917228103944
268,United Utilities,2165,-0.0002810524540245241,0.9925796983024299,-0.000915782236806576,0.07624482397628407,0.15011547344110854,4.683359195645044e-43,0.48496537768623077,0.7846773311335316,0.04480369515011547,0.002771362586605081
270,UPM-Kymmene,2165,-1.607889665557155e-05,0.9997536222941568,-4.998928364336963e-05,-0.009790951901463618,0.04341801385681299,0.0005525399652957712,0.014182770883035168,0.9929336991024755,0.045265588914549654,0.002771362586605081
272,Valeo,2165,-4.5966188617727346e-05,0.9990464332228304,-0.00014002939607646184,-0.001369539830082811,0.07459584295612015,6.359231450505477e-11,0.0015505588100465785,0.999225021046405,0.045265588914549654,0.002771362586605081
273,Vattenfall,2165,-0.0003956812655689047,0.9928269578151424,-0.0012809851897300254,0.07303312306618093,0.14826789838337184,5.2254878533896084e-42,0.44380613778230654,0.8009930017116942,0.045727482678983834,0.002771362586605081
274,Veolia Environnement,2165,-0.00011354852629091355,0.997399310398525,-0.00035383293135093306,0.0183172160258942,0.10577367205542726,1.516136429491845e-21,0.021731250183762985,0.9891931925893935,0.045265588914549654,0.002771362586605081
275,Vinci,2165,-6.065131680278295e-05,0.9949047458392615,-0.00030486017652078134,0.04769887261459349,0.13256351039260972,1.2288265827298317e-33,0.18123641348861255,0.9133663614555965,0.045265588914549654,0.002771362586605081
276,Vivendi,2183,-0.00015300380972717187,0.9962234395432872,-0.000573149608095267,0.031782499513165696,0.11978928080622997,9.399219884221302e-28,0.07641759638017333,0.962511949155654,0.04580852038479157,0.0022904260192395786
277,The Nielsen Company,2164,-0.0010769005551458056,0.9863408926135055,-0.003719676732910326,0.15142080660295987,0.1825323475046211,1.4340440320932752e-63,1.9880036869017348,0.3700926706636777,0.045748613678373386,0.0027726432532347504
278,Vodafone Group,2165,-0.00016191461233474642,0.9966915629690072,-0.0004775234446826562,0.026399471860500956,0.11454965357967672,3.33175349323679e-25,0.0501903948497556,0.9752170694555068,0.045727482678983834,0.002771362586605081
279,Volvo,2165,-1.1465720799165295e-05,0.9988164169545775,-1.5958711891736539e-06,0.0012461399744636559,0.08060046189376446,1.1083942133238312e-12,0.0002102924947843571,0.9998948592802808,0.045265588914549654,0.002771362586605081
280,Volkswagen,2165,-4.1838736299653573e-05,0.9989706284198122,-0.00013053305628878906,-0.00048469749253943206,0.07667436489607393,1.6221380755224473e-11,0.0009611135927258943,0.9995195586525604,0.045265588914549654,0.002771362586605081
281,Wolters Kluwer,2165,-0.0004197982188931434,0.9930803856648206,-0.0013312418182816787,0.06977145996414436,0.14642032332563515,5.655505436288078e-41,0.4036562082025862,0.8172353952817379,0.046651270207852195,0.002771362586605081
282,WPP,2183,-0.00032655359065080424,0.9940352032518545,-0.0010078386195370831,0.0584188051043788,0.13948694457169042,1.6246306630062233e-37,0.28092557640811816,0.8689559997444987,0.04580852038479157,0.002748511223087494
285,Zurich Insurance,2182,-5.0096720151000075e-05,0.9987259651138005,-0.00014722815815036415,0.0025266065531059922,0.08272227314390468,1.9468695411243508e-13,1.258544391401079e-05,0.9999937072978421,0.045829514207149404,0.002749770852428964
553,Santander UK,2166,3.2068637654338896e-05,0.9915168849442372,0.00014899234766148502,0.08906022628447552,0.1569713758079409,4.425934039814734e-47,0.6688321426056761,0.7157559147684831,0.045706371191135735,0.002770083102493075
554,BBVA,2166,-3.6913482607803586e-06,0.9997793056979244,-1.0894471676810758e-05,-0.010101148766219925,0.041320406278855026,0.0011911747160239044,0.014894581934658802,0.9925803713915722,0.045706371191135735,0.002770083102493075
555,Banco Santander,2166,-7.200706272111446e-06,0.9997431001981097,-0.00011476835791048853,-0.010211570246411394,0.04339796860572487,0.0005546357690319262,0.01515583982738289,0.9924507201317658,0.04524469067405355,0.0023084025854108957
556,Banco Comercial Portugues,2166,8.650724487745175e-06,0.9995178369400812,2.2831911081588017e-05,-0.006975038657252242,0.05794090489381348,9.207651318842866e-07,0.008540470688566974,0.9957388691466144,0.04524469067405355,0.002770083102493075
557,Unicredit,2170,-9.415655504319919e-06,0.9996805359554479,-1.5537768976628044e-05,-0.008941821516079695,0.04884792626728113,6.130569838972016e-05,0.012345371210629919,0.9938463262802316,0.04516129032258064,0.0027649769585253456
558,Capitalia,2183,-4.159722587595847e-06,0.9997966770832601,-9.956504122503659e-06,-0.010247808845852635,0.039624370132844755,0.0020498426119438013,0.0153049153918595,0.9923767478130069,0.04580852038479157,0.002748511223087494
559,Commerzbank,2166,-8.026028586852086e-06,0.9991685333426038,-2.631271973074727e-05,-0.002826236221378675,0.07109879963065557,5.758527494177341e-10,0.0028188986607441905,0.9985915434768434,0.04524469067405355,0.002770083102493075
560,Deutsche Bank,2166,-5.235239617197908e-06,0.9991167359291815,-1.6266567876839997e-05,-0.0021623136071089455,0.07271468144044324,2.0973727120989077e-10,0.0021901703134735435,0.9989055142302002,0.04524469067405355,0.002770083102493075
561,Dresdner Bank,2166,-8.265931509631066e-06,0.9991373119640526,-2.474245550117912e-05,-0.0024832104001024646,0.07202216066482003,3.2424529102230104e-10,0.002484218704063528,0.9987586617464935,0.04524469067405355,0.002770083102493075
562,GKN Holdings,2184,-8.417985985376659e-06,0.9989867341345224,1.0509041155131565e-05,-0.0007244994901682844,0.0762362637362638,1.7396659071847997e-11,0.0010950278913670042,0.9994526359127257,0.045787545787545784,0.0027472527472527475
563,HSBC Bank,2179,-5.6802993166012256e-05,0.9980863862047817,-0.00021004761038041447,0.009965117300500204,0.09522716842588347,1.1950405542714176e-17,0.004709539570313642,0.9976480005103178,0.04589261128958238,0.0027535566773749425
564,Banca Monte dei Paschi di Siena,2165,2.6393421761853024e-06,0.999680931290528,1.1566231966346734e-05,-0.008925529474248961,0.04896073903002307,5.98503824736497e-05,0.01229597814718769,0.9938708711406398,0.045727482678983834,0.002771362586605081
565,Royal Bank of Scotland,2164,-2.5215439886614068e-06,0.9994054952423624,-8.960905581926525e-06,-0.0056187909807756675,0.06284658040665436,7.130159134386337e-08,0.0063276674510000675,0.9968411659223466,0.04528650646950092,0.0027726432532347504
566,Stagecoach Group,2173,2.558671619744159e-05,0.9857316039212127,9.319287761743757e-05,0.1601044542866199,0.1859180855959503,3.179240094877761e-66,2.231093981571054,0.3277359613106023,0.04509894155545329,0.0027611596870685687
567,Technip,2165,-0.00034988097913823106,0.9826447025283932,-0.0012197739945880672,0.19814306940055681,0.19792147806004623,8.536003924022784e-75,3.4277420448725384,0.18016701044926567,0.045727482678983834,0.002771362586605081
568,Unicredito Italiano,2183,-4.311345688231117e-06,0.9997896874900878,-1.0377245408517606e-05,-0.010165940091312997,0.04031149793861666,0.0016117984662048176,0.015112777679576988,0.9924720888916113,0.04580852038479157,0.002748511223087494
569,ABN Amro,2037,0.00014977285962860094,0.9886074447465523,0.0005061080987330252,0.12396467305539405,0.17280314187530682,1.1659901944849028e-53,1.2369262658408566,0.5387718223187707,0.045164457535591555,0.0029455081001472753
570,Barclays,2166,-8.686159871569074e-06,0.999370914638184,-3.05506209675693e-05,-0.005210460780125548,0.06417359187442295,3.374357102522277e-08,0.005729135810931342,0.9971395310543265,0.04524469067405355,0.002770083102493075
571,HBOS,2166,-0.00014153509931374785,0.9940505164521704,-0.00045447940117024246,0.05858080198927329,0.13965835641735924,2.5612533318730133e-37,0.2798415513177393,0.8694271124605455,0.04524469067405355,0.002770083102493075
572,Banco Espirito Santo,2166,-3.822779105008215e-06,0.9996638061273436,-1.0995887302688435e-05,-0.008704479759183315,0.05009233610341646,3.660732533953075e-05,0.011838667128939979,0.9940981511741094,0.04524469067405355,0.002770083102493075
573,Glencore,2165,4.585498746775681e-06,0.9996557901208628,1.6721498134852287e-05,-0.008619972188752545,0.050577367205542734,2.9764123629949707e-05,0.011662283893539729,0.9941858261642569,0.045265588914549654,0.002771362586605081
574,Sanpaolo IMI,2165,-6.059909730189162e-06,0.9997634076785005,-4.071877763578743e-06,-0.010001665675987148,0.04249422632794464,0.0007798008561020856,0.014661427808462722,0.9926960902411086,0.045265588914549654,0.002771362586605081
575,Standard Chartered Bank,2179,1.9737775355282746e-05,0.9976496539237072,6.0538180398689485e-05,0.015448510068461374,0.10234052317576875,2.5354613015900016e-20,0.014554835581598544,0.9927489984944273,0.04589261128958238,0.0027535566773749425
586,BP,2166,-0.00032034571673485743,0.9944494095389881,-0.0010223119850778237,0.053485152563884863,0.13619575253924288,1.666269636103706e-35,0.23138498331268936,0.8907490939650545,0.04524469067405355,0.002770083102493075
587,Intesa San Paolo,2165,-6.059909730189162e-06,0.9997634076785005,-4.071877763578743e-06,-0.010001665675987148,0.04249422632794464,0.0007798008561020856,0.014661427808462722,0.9926960902411086,0.045265588914549654,0.002771362586605081
909,Sanofi-Aventis,2169,-0.0003579288491601826,0.9925751924334997,-0.0009424264749414504,0.07481260482216046,0.14983863531581376,5.6229953991108806e-43,0.4672029334245107,0.7916772627757342,0.045182111572153065,0.0027662517289073307
919,Clariant,2166,-0.00017379172260951288,0.9955020095334588,-0.0005536258954987434,0.041059094472682744,0.12719298245614036,5.247889095876852e-31,0.13177636030774637,0.9362355481535761,0.04524469067405355,0.002770083102493075
922,Credit Suisse,2179,-3.379009060709043e-05,0.9985673914244624,-0.00010283653342922332,0.0044541242893716415,0.08627810922441492,1.4631069852843674e-14,0.00026364177321913277,0.9998681878013818,0.04589261128958238,0.0027535566773749425
1015,Centrica,2166,-0.00014904448741043,0.995381870231317,-0.0004732451616972375,0.04250931816538195,0.1283471837488458,1.4478557210417215e-31,0.14191075146163784,0.931503458861234,0.04478301015697138,0.002770083102493075
1017,Banca Popolare,2166,-2.2648137636415446e-05,0.9994914319588106,-6.740548779202012e-05,-0.006654369605347377,0.059095106186518975,5.120488912306258e-07,0.00798940736076306,0.9960132645346151,0.04524469067405355,0.002770083102493075
1025,Ciba,2166,-0.0004338174503414327,0.9929608235681299,-0.0014274186085869512,0.07134158077499064,0.14727608494921518,1.8034097199012563e-41,0.4230757790348609,0.809338615022208,0.04524469067405355,0.002770083102493075
1046,Wendel Investissement,2183,-5.226862576584841e-05,0.9993399294015487,-0.0001601041923082128,-0.004794673876928446,0.06504809894640406,1.7882213445166953e-08,0.005168036730758786,0.9974193173362869,0.04580852038479157,0.002748511223087494
1048,Telekom Austria,2165,-0.00028604054732124935,0.9959065779010883,-0.0008716736249509324,0.03575279576760826,0.12286374133949196,6.098391293948531e-29,0.09791735262416662,0.9522204781473546,0.045265588914549654,0.002771362586605081
1052,BNP Paribas,2166,-3.053612963431325e-05,0.9989916632531675,-9.432483737391844e-05,-0.0007054272039828113,0.0761772853185596,2.230603877992867e-11,0.0010915306501286725,0.9994543835777407,0.04524469067405355,0.002770083102493075
1095,Gecina,2165,-0.00043117681153329707,0.9885500626111693,-0.0014551733491770305,0.12524142169222197,0.17297921478060047,4.05786918672432e-57,1.3474390790724076,0.5098087928533244,0.045265588914549654,0.002771362586605081
1115,Lanxess,2165,-0.0001644522848840313,0.9940982459077385,-0.0005287435674377527,0.05797125003491743,0.1392609699769054,4.323399475766827e-37,0.2736498697880877,0.8721228910548984,0.045265588914549654,0.002771362586605081
1118,ITV PLC,2165,-2.7402605506084718e-05,0.9995735585117417,-8.715417207407392e-05,-0.0076792829484588765,0.05496535796766744,3.985941889207294e-06,0.009819132477989823,0.9951024659822832,0.045265588914549654,0.002771362586605081
1138,Next PLC,2165,-0.00016875084469625693,0.9973653148587983,-0.0005124646850438285,0.01850184119702325,0.10600461893764435,1.2253033879632882e-21,0.022299095155026833,0.9889123782660202,0.045265588914549654,0.002771362586605081
1141,Credit Agricole,2180,-2.2473735135153587e-05,0.9992241878438245,-6.49739565920485e-05,-0.0034543498249193227,0.06926605504587158,1.5397144854237209e-09,0.003490308972317662,0.9982563674104878,0.0463302752293578,0.0027522935779816515
1161,Unibail,2166,-0.0012496585510849768,0.8780141577686746,-0.008749415103868218,1.7853810828043688,0.355493998153278,1.9477107068218577e-245,285.49189866112835,1.0144295502735173e-62,0.04524469067405355,0.002770083102493075
1162,Swedish Match,2165,-0.0007307133327948092,0.9842772623542028,-0.003635608963430673,0.17014876278204083,0.19099307159353351,1.2239130766788354e-69,2.5201605842781643,0.2836312522255333,0.045265588914549654,0.0023094688221709007
1345,UBS,2165,-2.9084985252004983e-05,0.998780840763022,0.00014652179831124194,0.0005239905288578761,0.0808314087759815,9.425864225140469e-13,0.0004633209641750836,0.99976836634913,0.045265588914549654,0.002771362586605081
1370,Japan Tobacco,2129,-0.0007311565546972811,0.9862832746467386,-0.00250358567067134,0.15247080023517645,0.18318459370596524,5.359136925062026e-63,1.979468621413947,0.37167542808649806,0.04462188821042743,0.0028182245185533112
1408,Rentokil Initial,2165,-2.9609399373649657e-05,0.9935585513396861,-8.79480509679442e-05,0.06452042021341375,0.14341801385681296,2.5415624322750893e-39,0.34231956358162535,0.8426869166894125,0.045265588914549654,0.002771362586605081
1506,Xstrata,2166,1.0722428129905022e-05,0.9976388245166228,3.3823643099305143e-05,0.015508985057737235,0.10249307479224379,2.907332675925795e-20,0.014566928539132695,0.9927429958768342,0.04524469067405355,0.002770083102493075
1507,Sabmiller,2160,-0.0006482875172270357,0.9887423156617587,-0.0021690760256102538,0.12230841840470497,0.17175925925925928,3.460376087917784e-56,1.2815203142339995,0.5268917512605993,0.04537037037037037,0.002777777777777778
1903,Carlsberg,2179,-0.0005922220825161087,0.9814328190962803,-0.0021057391751688904,0.2132071117511276,0.2021569527306104,1.5263283604199055e-78,4.00422043372049,0.13504999755333533,0.045433685176686556,0.0027535566773749425
2576,Royal Dutch Shell,2179,-0.0003911737757862685,0.9907915847238887,-0.0012979612534257067,0.09792135804615443,0.16108306562643415,7.273961178725557e-50,0.819048925371863,0.663965915643165,0.04589261128958238,0.0027535566773749425
2611,Anheuser-Busch,952,-0.0006177382856828781,0.993627403671846,-0.0020160530515188116,0.050947799916414294,0.14128151260504207,4.836410976071037e-17,0.07878626967862451,0.9613726857478209,0.046218487394957986,0.0021008403361344537
2615,Brisa,957,-3.825216253912633e-06,0.999808971365837,-1.1699062427733524e-05,-0.022172488385513223,0.025078369905956133,0.5751297660686554,0.03198035333738465,0.9841369875114822,0.04597701149425287,0.0020898641588296763
2894,ING Bank,437,-0.00014502587555128847,0.9974709653154851,-0.00045475210693042285,-0.014733664811400704,0.10068649885583525,0.0002612258790193384,0.014561017207295945,0.9927459300978091,0.04576659038901602,0.004576659038901602
2895,Lloyds TSB Group,436,-0.00010600447473837452,0.9981877228761064,-0.0003303366401072999,-0.023314165397234188,0.08830275229357798,0.002083902318269362,0.024580007744739965,0.9877852097845302,0.045871559633027525,0.0045871559633027525
2897,Societe Generale,436,-0.00023423148147173417,0.9971131161783371,-0.000741563868101727,-0.01072387516276585,0.10550458715596334,0.00011132957212419184,0.010794543665896609,0.9946172672697474,0.045871559633027525,0.0045871559633027525
2899,BBVA,438,4.5023914766365845e-06,0.9979860338912356,1.1670100716001679e-05,-0.020672170420110714,0.09246575342465757,0.0010396713120753036,0.02122672657391471,0.9894427597263796,0.045662100456621,0.0045662100456621
2900,Banco Santander,437,-2.3577658918471426e-05,0.9983236558637816,-7.575513356876898e-05,-0.02477736613645165,0.08581235697940504,0.0030052546227900523,0.02656157555344967,0.9868070127686661,0.04576659038901602,0.004576659038901602
2901,Commerzbank,438,-0.0001018918345873833,0.9969345387867764,-0.0003207433382112088,-0.008183507648259702,0.10844748858447495,6.105429542473179e-05,0.008647052611228872,0.9956858066789305,0.045662100456621,0.0045662100456621
2902,Deutsche Bank,437,-1.95904901100191e-05,0.9979720385324614,-6.178664220324251e-05,-0.02058833945801508,0.09267734553775742,0.001021776148548602,0.021113739937778864,0.9894986582098454,0.04576659038901602,0.004576659038901602
2903,HSBC Bank,437,2.429017215923961e-05,0.9975648673513965,7.594897591405603e-05,-0.015726313704795825,0.09954233409610985,0.0003196352015334493,0.015574081353989052,0.9922431997787947,0.04576659038901602,0.004576659038901602
2904,Royal Bank of Scotland,436,-4.1504474854610325e-05,0.9987006705098951,-0.00012757335970887425,-0.029351275104380736,0.07683486238532111,0.010995861144227185,0.033195267558220796,0.983539348039344,0.045871559633027525,0.0045871559633027525
2905,Unicredito Italiano,436,1.5522759676910802e-05,0.9992162877391634,4.78274938460114e-05,-0.03547145007655761,0.05963302752293581,0.0864223269675618,0.043255808569431904,0.9786043017808256,0.045871559633027525,0.0045871559633027525
2906,Barclays,438,-2.442856354915253e-05,0.9987178345439798,-7.532936911776482e-05,-0.029384107317881103,0.07648401826484025,0.011260815995994097,0.03330221755308464,0.9834867546814607,0.045662100456621,0.0045662100456621
2907,Standard Chartered Bank,436,4.085336621721682e-05,0.9978956663448282,0.00012717277053734467,-0.01974997914524179,0.09403669724770641,0.0008317430363087425,0.02009061687201259,0.9900049771558312,0.045871559633027525,0.0045871559633027525
2908,Intesa San Paolo,438,-9.321002064656142e-06,0.9980478387989291,-2.9488341113188622e-05,-0.021402740237669082,0.091324200913242,0.0012511484641113393,0.02213537170039892,0.9889933356550779,0.045662100456621,0.0045662100456621
2909,Credit Suisse,437,1.3096593389663247e-05,0.9974158088225457,4.1455025396141857e-05,-0.013947609615108103,0.10183066361556065,0.0002129956926083653,0.013757327210604,0.9931449402491948,0.04576659038901602,0.004576659038901602
2910,BNP Paribas,438,-0.00015099534496931192,0.9979590663923813,-0.00047289081365965116,-0.020510820963698162,0.09246575342465757,0.0010396713120753036,0.021044830184598223,0.989532751851343,0.045662100456621,0.0045662100456621
2911,Credit Agricole,438,-9.72598478499475e-05,0.9977799927849186,-0.0003039463238458304,-0.018279103154099197,0.09589041095890416,0.0005883576627233062,0.01839054791552243,0.9908468732897252,0.045662100456621,0.0045662100456621
2912,UBS,436,-9.204921329551557e-05,0.9978875001471865,-0.0002868207193004006,-0.019703608636198133,0.09403669724770647,0.0008317430363087348,0.020040038743201195,0.9900300137720355,0.045871559633027525,0.0045871559633027525
2924,Danske Bank,429,-0.0005826575286373111,0.9914663031695695,-0.0019504295909486334,0.056176541078816644,0.15501165501165504,1.813160707373648e-09,0.031159923222010576,0.9845407781374212,0.046620046620046623,0.004662004662004662
2927,Mediobanca - Banca di Credito Finanziario,427,6.21662062727393e-05,0.9980350359918183,0.00019350174785049836,-0.02213860677836621,0.09133489461358313,0.0015011112673775284,0.022931334863616877,0.9885998128357643,0.0468384074941452,0.00468384074941452
2930,Svenska Handelsbanken,427,-0.0002048184911112584,0.9950428269053001,-0.0006558445664955154,0.013490212369404286,0.12880562060889933,1.2318039869605179e-06,3.876707942554768e-05,0.9999806166481469,0.0468384074941452,0.00468384074941452
3082,Rabobank,428,-0.00012488594661003939,0.9966336581136809,-0.00039467248323295354,-0.005385643204101065,0.11214953271028039,3.819073555055256e-05,0.006659931577329889,0.9966755723983819,0.04672897196261682,0.004672897196261682
3122,Bayerische Landesbank,374,-0.00324072368669514,0.9347897585878676,-0.01611862025826747,0.8004844021753987,0.29679144385026746,1.0661232511116174e-29,9.347390054603215,0.009337702637355366,0.0481283422459893,0.0053475935828877
