CDS_Id,n,mean,std,min,p01,p05,p95,p99,max,skew,excess_kurtosis,Name
2.0,2166.0,0.0010012233019598602,0.0363804210040215,-0.1578947368421053,-0.0907433189730657,-0.04995898647084632,0.05686763406376283,0.11549586776859505,0.3265306122448979,1.6358353047018983,12.334012686217216,Accor
3.0,2165.0,0.0005742784544545348,0.030818508823901154,-0.15970350404312672,-0.08406504065040651,-0.045454545454545414,0.05179185241259417,0.10683809523809533,0.21621621621621623,0.7889169366168705,6.686198587359685,Adecco
6.0,2184.0,0.0010681744933486398,0.040411033140238056,-0.3927710843373494,-0.09390714081170436,-0.05465575438601636,0.06277132277834518,0.11742541074857926,0.4318181818181819,0.8497637599578213,17.310677032000104,Aegon
9.0,2166.0,0.00043505605014364083,0.03367541553142788,-0.19565217391304346,-0.08759832070646147,-0.04908036785285891,0.05591248937977911,0.09959388060224995,0.21052631578947367,0.3538490084616995,6.117501046993681,Ahold
12.0,2166.0,0.0007300025605499583,0.03256898797223921,-0.21594684385382057,-0.08333333333333337,-0.048373578956103225,0.05127203003701186,0.09841463414634133,0.25,0.8676018650223161,8.60379976768184,Air Liquide
13.0,2166.0,0.0008090845605094353,0.0351230280925183,-0.1923076923076923,-0.09090909090909094,-0.05096522133402012,0.05528875324897664,0.11309322775395905,0.28,0.8048071356780766,9.304495485325223,Akzo Nobel
18.0,2170.0,0.001269067591709821,0.050143243165141585,-0.2777777777777778,-0.1282529644268775,-0.0714285714285714,0.07943017199387852,0.15628209335029972,0.4285714285714286,0.5389363032443414,5.888652309283151,Allianz
19.0,2184.0,0.0003919161732977888,0.029925823448680496,-0.18181818181818177,-0.07532692307692303,-0.034438772456881546,0.03389351370100593,0.09447746484212151,0.4814814814814814,4.658839525277687,69.14998638274085,Allied Domecq
20.0,2166.0,0.0010484464875512266,0.03690907655250367,-0.37691638577797104,-0.08913979431098734,-0.05023265210364425,0.05779789390697154,0.11938095238095235,0.33333333333333326,0.4885333908463183,13.859894612811214,Alstom
21.0,2166.0,0.0003466126482537754,0.03619708386494323,-0.19999999999999996,-0.09717792498091812,-0.046071066170580155,0.04509719644092525,0.09967661691542287,0.7333333333333334,5.300611934658262,99.0818993490053,Altadis
24.0,2166.0,0.0019775779661099944,0.0442617746801224,-0.21706398996235887,-0.10667334415255092,-0.06179954762117734,0.07256990195311702,0.13091964774864262,0.3999999999999999,1.1449838246101283,8.710093509901716,Anglo American
25.0,2166.0,0.001639900651988142,0.04140597215625303,-0.20833333333333337,-0.10342328629386002,-0.05765918633565695,0.07215130600207859,0.12051005260832533,0.25,0.47958930579609094,3.9311146678664652,Arcelor Mittal
27.0,2166.0,0.000893180263404205,0.03981700497647678,-0.2675404780262143,-0.12499919681639429,-0.05121269765782907,0.05828174119957835,0.15290664267256465,0.29142185663924813,0.35147350708488,13.351468596222471,Arcelor Finance
29.0,2166.0,0.0006914569674515702,0.02955577991250226,-0.1811594202898551,-0.07931578947368421,-0.043440396065846876,0.045301688469461476,0.09987025948103792,0.2163345741186773,0.7374544543137229,9.333408037914978,Astrazeneca
30.0,2166.0,0.0011340936156645192,0.04025353285051048,-0.24193548387096775,-0.10280112044817925,-0.05948786519438695,0.06664447403462048,0.14027365466152628,0.32789794786466975,0.9816380050358425,7.272397893108966,Auchan
31.0,2165.0,0.0009395577456465854,0.03711964124892841,-0.2490000000000001,-0.09870713212670036,-0.0531880910624188,0.06000000000000005,0.13381861733981054,0.33614864864864846,1.2485896788315032,11.965796164443054,Atlantia
34.0,2170.0,0.0012055983691718279,0.04306566595629169,-0.26248108925869884,-0.10221153846153845,-0.06133532955986228,0.06817302733367708,0.13492971253379057,0.41220374492601786,1.0073703458989893,8.988473390676349,Aviva
37.0,2184.0,0.0010363028301263702,0.043555063505508064,-0.27382753403933424,-0.10276901643911948,-0.0612990037935431,0.07109512853028578,0.12834574028122422,0.5,1.3450966691507185,14.104410974725255,AXA
38.0,2166.0,0.0004225263697880192,0.03334578456656374,-0.28,-0.09078514563569617,-0.04454700535948214,0.04862177419354835,0.11336221040887251,0.2466221898301284,-0.10605156523495343,15.005844622333626,LHR Airports
39.0,2166.0,0.0010239623372507742,0.03940543030801444,-0.23636363636363633,-0.10378217537821748,-0.05706134094151216,0.06286909448818906,0.13046040515653742,0.42105263157894735,1.430015505102703,14.957249006437301,BASF
40.0,2166.0,0.0006439680407687711,0.03100766186203243,-0.14634146341463417,-0.08897113125209806,-0.04420591284817496,0.04841029288961746,0.11295231416549782,0.26054650047938654,0.8462057870700428,8.013311392832238,British American Tobacco
41.0,2150.0,0.0008129159634771622,0.035345419755582544,-0.17391304347826086,-0.09532014494353089,-0.05193592933905775,0.05905290017953835,0.11196324143692525,0.3500000000000001,1.0436513997656673,10.591217322571726,Bayer
43.0,2166.0,0.0004894302549337463,0.03424225340938142,-0.23299822590183328,-0.0857539315448659,-0.049593574307179394,0.053556497849976126,0.11111111111111116,0.26190476190476186,0.8347447201822996,7.97341336779057,Bertelsmann
45.0,2166.0,0.0011257484607923702,0.04285068675475444,-0.29444009397024284,-0.1038190608832314,-0.057811506675143065,0.0694148083623694,0.13110613810741664,0.42090285862113563,0.9062883074969305,9.28779947422491,BMW
48.0,2165.0,-0.0001543255618227318,0.02681943405849539,-0.5848541492449211,-0.06282565711423375,-0.03634751255401005,0.04033645224042783,0.0714285714285714,0.18518518518518512,-4.842620411615122,109.61786536819544,Alliance Boots
49.0,2166.0,0.0007174328706379451,0.03474551189838623,-0.18181818181818177,-0.0861041068711797,-0.04868790627148811,0.05706134094151216,0.10808195414532941,0.38888888888888884,1.486436282873886,14.247739507790968,Bouygues
52.0,2166.0,0.0008170935987319197,0.03502135469365314,-0.19999999999999996,-0.10039689759502966,-0.04676586190044818,0.05738847694672544,0.11111111111111116,0.3181818181818181,0.58675390686801,9.361138858757354,BAE Systems
54.0,2166.0,0.0007997859672616786,0.03349231209182261,-0.2374331550802139,-0.08531914893617024,-0.04632110212551477,0.05270213066177498,0.11232638888888857,0.2441769170374246,0.584958912031539,6.977451522854306,BT Group
55.0,2166.0,0.0008804989999104787,0.03552572969240099,-0.2926636171710064,-0.08732229505405628,-0.04761904761904767,0.05280843237125071,0.125,0.46759174730691977,1.52850956194375,21.73593244129788,BSkyB
57.0,2182.0,0.00041369794790519285,0.03835768531366362,-0.4641012396694215,-0.10683401118454497,-0.05084605597964377,0.05454545454545445,0.13025065963060695,0.4545454545454548,0.47704506412413616,24.88032449452058,Cadbury Schweppes
59.0,2166.0,0.0022941051786796248,0.07857738386452473,-0.28866572519483236,-0.09935643564356433,-0.04255319148936165,0.04516304057780224,0.13400744145327181,3.2857142857142856,33.78615460508752,1409.965856461714,Carlton Communications
60.0,2166.0,0.0010701447075703633,0.03737856411082263,-0.17353308364544306,-0.09981481481481481,-0.05305426094142476,0.06408204471584755,0.12408707865168532,0.24137931034482762,0.7026866915618012,4.662443070551014,Carrefour
61.0,2166.0,0.001316195693683227,0.038443057904710184,-0.2602076124567474,-0.09942917947145875,-0.054651988636363724,0.06479273935347057,0.1228047784357764,0.23503502809183607,0.552585204615823,5.374007244931686,Casino
67.0,2166.0,0.000624742142520375,0.03576962934220285,-0.1966081640702031,-0.09643351800554015,-0.053049346568592476,0.05452935786632318,0.12125435540069673,0.28333333333333344,1.0716960234827329,9.969450202551636,Compass Group
68.0,2166.0,0.0006398250406051528,0.037516658922178245,-0.20046174667622008,-0.09905202995664171,-0.05634808815023218,0.061802711481429184,0.10879702775719312,0.244,0.37197382696393183,4.474555712642225,Continental
70.0,2166.0,0.0011320299101765848,0.04315133573835474,-0.2831541218637993,-0.10284107751895058,-0.06086551552574637,0.06751398940486247,0.13006775832862785,0.45504322766570593,1.0189264947442285,10.578409536988946,Daimler
71.0,2163.0,0.0006444562449355254,0.036099076168114815,-0.24778761061946908,-0.10097435897435894,-0.04983388704318936,0.05882352941176472,0.11696939586645476,0.3999999999999999,0.9495319607866513,12.923420971157377,Danone
72.0,2166.0,0.00042046261565114175,0.0312548325662797,-0.2826333711691259,-0.09109090909090911,-0.037185599894564714,0.045454545454545414,0.10120689655172388,0.3152709359605912,0.14976212608819164,20.215462486584922,Degussa
73.0,2166.0,0.00021119949518918254,0.03013366131618689,-0.2766666666666667,-0.08286882102767902,-0.029368575624082238,0.02853043656486981,0.08017120706363719,0.4750000000000001,3.741132963915649,74.97942480251633,Deutsche Bahn
74.0,2166.0,0.0005260575772958069,0.03282945759445058,-0.20833333333333337,-0.09465408805031444,-0.04610963748894781,0.04993654822335031,0.11080516100451308,0.30000000000000004,1.0545460662445068,11.445186910997746,Deutsche Post
75.0,2166.0,0.0005074617135517272,0.033922628394866865,-0.24141414141414153,-0.08604761904761907,-0.04761904761904767,0.05605607476635516,0.10683333333333332,0.22033519553072622,0.4677591775884149,6.39275177553154,Deutsche Telekom
76.0,2166.0,0.0006877486463923772,0.03782377057678257,-0.1630434782608695,-0.08763285024154593,-0.05299045695607482,0.054511211444805086,0.11184486373165602,0.640625,3.4346054978521123,48.291030880316086,Diageo
78.0,2182.0,0.0004337887568230729,0.035481404775443814,-0.27368785726658584,-0.08947572069836278,-0.049038725073762765,0.05711378629197562,0.09718499501845865,0.33333333333333326,0.5121812874284407,12.156767005517073,DSG International
80.0,2184.0,0.0006286406691229958,0.03464348027568066,-0.16000000000000003,-0.09791913135078192,-0.049141340953158454,0.051347170980242544,0.11432876415053721,0.2790697674418605,1.3455627962447565,11.175375919385333,DSM
81.0,2166.0,0.0008336933656889538,0.0371366603022915,-0.19106317411402163,-0.09713322580645163,-0.052419902219967535,0.05746347885170716,0.11586034542245462,0.3303538175046554,0.9784958890053777,9.481987407200684,EADS
82.0,2184.0,0.0012604018775117533,0.03811918724422835,-0.20382740566889324,-0.09252830170980939,-0.052125760691684474,0.0611317254174397,0.13442811732260296,0.27363737486095663,1.107085882963471,8.039886415674655,EDF
83.0,2180.0,0.0012090919996184896,0.044210372627908896,-0.32082794307891327,-0.11903792375999611,-0.05714617041250209,0.06399281053900188,0.16242326411421174,0.41176470588235303,1.363721298603558,14.30611722836585,Edison
84.0,2184.0,0.0016646395852511898,0.044867506675886466,-0.35833071854408527,-0.11430376072062504,-0.06216779589625233,0.07269634637514383,0.13316642208815707,0.381578947368421,0.525438901876782,8.481865030978135,Energias de Portugal
85.0,2166.0,0.0005610074727107252,0.03350580780539516,-0.16083916083916083,-0.09572146184458129,-0.0499643874643875,0.0527505499477543,0.11111111111111116,0.25,0.6137309012937661,6.273320760380175,Electrolux
88.0,2166.0,0.0010148690439036854,0.04246870516592461,-0.26537433155080203,-0.11057563587684072,-0.058663253046512986,0.06542290280714746,0.14142536967544597,0.4893617021276595,1.4246803242495039,15.310630982321815,Endesa
90.0,2166.0,0.0011293036210676493,0.044742554009582894,-0.32477834811012607,-0.10862593248131709,-0.06451332723163425,0.07392855669073062,0.12843326885880058,0.4444444444444444,0.8944514402141922,10.085035505683635,ENEL
91.0,2184.0,0.0009511222299894536,0.037744697012202025,-0.25,-0.09736111111111109,-0.04898373983739842,0.056525863868204435,0.12187454145267834,0.28036271740746255,0.6253026844996031,11.25628020896566,EnBW
92.0,2166.0,0.0011997683810958545,0.03816898934127029,-0.22197558268590456,-0.09878892849936086,-0.054548942121100424,0.06407815316973936,0.1240980104777346,0.30756013745704447,0.8639875648921438,7.614495389251987,ENI
93.0,2166.0,0.0009124699758709456,0.03423871341871824,-0.1428571428571429,-0.08883572567783098,-0.04997920133111483,0.0533738946137543,0.1142900005124206,0.26923076923076916,0.9637111472487923,6.883608573655165,E.ON
94.0,2165.0,0.00042681407361257054,0.030242390561017178,-0.2186046511627907,-0.07715202907328889,-0.04169446761189877,0.043398262901259546,0.10798553814777084,0.33333333333333326,1.615870881910537,17.817425810509928,Ericsson
97.0,2166.0,0.0013062029176189507,0.03826145719347825,-0.2419967444384158,-0.09744244392155685,-0.051265482554971376,0.06482116801000554,0.12948717948717914,0.27003948214121754,0.7318694119069709,8.045815026169997,Finmeccanica
103.0,2166.0,0.0009405086659869511,0.03577938868084933,-0.17595307917888559,-0.09999999999999998,-0.04908036785285891,0.05465452551625505,0.111892732930624,0.44736842105263164,1.4298588205995686,17.20923297282073,Fortum
105.0,2166.0,0.0007133863466114241,0.033527925277170106,-0.24216524216524216,-0.08801379003558722,-0.0490640556740832,0.05349000908265211,0.1041406726054028,0.23809523809523814,0.5868988848834973,6.737664436983504,Orange
106.0,2166.0,0.000727841822338801,0.03555976140927104,-0.2857142857142857,-0.09090909090909094,-0.04959819736465665,0.047477794913937665,0.11845362539199827,0.5625,2.889877487576067,41.961276365150255,Gallaher
107.0,2180.0,0.0015995352659606615,0.0472040861869676,-0.3678462210572303,-0.11769352756776696,-0.06819267150954289,0.0780804737580093,0.14529965289117908,0.3363636363636364,0.5291173655097603,6.444571980328671,Gas Natural
108.0,2184.0,0.000936469258807289,0.037305841141397136,-0.19047619047619047,-0.09698924731182797,-0.052518525521537,0.058087607205416426,0.125,0.4375,1.1755406251430962,13.280416617064539,GDF Suez
111.0,2166.0,0.0017217749831869187,0.04924458046098435,-0.36661384046487056,-0.11764705882352944,-0.06575847613667804,0.07777777777777772,0.1513461538461534,0.40625,0.6218548094182237,9.45323552244709,Generali
112.0,2166.0,0.0006245562786325954,0.03129097056189819,-0.18181818181818177,-0.08382768361581923,-0.0424628450106157,0.04510073968901235,0.10382653061224438,0.2729328977129932,1.4951145927127432,15.588095762294685,GlaxoSmithKline
116.0,2166.0,0.00045573523412913944,0.03332579994640574,-0.21875,-0.09725313757991945,-0.04968528011185239,0.05333684013940193,0.10691054544244918,0.31357501984652036,0.9033860319192795,11.446089928655416,Experian Finance
119.0,2181.0,0.0014699483965005737,0.050503202359857086,-0.3666666666666667,-0.1193188543022843,-0.06888361045130642,0.07808340727595375,0.14851851851851816,0.5,1.1692328962968233,13.030779898073355,Hannover Re
120.0,2164.0,0.0008199465499530118,0.04000115528084904,-0.25590955806783144,-0.09419422338090011,-0.04991744330970852,0.050000000000000044,0.13009993086543864,0.6666666666666667,4.288253681725075,64.29002431122606,Hanson
124.0,2166.0,0.00040744181769081163,0.029539419024815987,-0.1418338108882521,-0.07734446680253018,-0.04517358789893561,0.04665803108808286,0.10491299561524703,0.2857142857142858,1.2284257248683044,11.178647049509784,Heineken
125.0,2165.0,0.0023928947066202667,0.055945052294012566,-0.3693915867458264,-0.14765021134370399,-0.07708512894763953,0.09054339198946859,0.15939104477611954,0.6023551541543735,1.602282244777151,16.711646344984224,OTE
126.0,2166.0,0.000495442832368234,0.03396636159573754,-0.2727272727272727,-0.09468340511912973,-0.04832048159222785,0.05072184417868303,0.10326771721495356,0.32432432432432434,0.9316904460996578,13.785721784594056,Henkel
127.0,2184.0,0.0007631256272685364,0.032652487417526,-0.2016843971631206,-0.08562461915686491,-0.04611380501307189,0.05263157894736836,0.09499275562468815,0.26071267478574667,0.580091907287418,7.163183496386843,Ladbrokes
128.0,2166.0,0.0010300140860944568,0.0391240619990227,-0.20437093916125237,-0.09155493654446487,-0.05661443718151582,0.06886895684670746,0.13715742687337953,0.2142857142857142,0.8319845685933239,4.587063823532013,Holcim
129.0,2166.0,0.0011585672945570334,0.04422079629969093,-0.3468910705937355,-0.11513538877094576,-0.0625,0.07203930532568142,0.13925627971009344,0.23809523809523814,0.47841967778163413,5.925933967469227,Iberdrola
131.0,2166.0,0.001005075442075342,0.04852447054347434,-0.5783132530120482,-0.09999999999999998,-0.040000000000000036,0.04166666666666674,0.134177978883861,1.5151515151515151,13.627017578793794,451.96500511764526,ICI
134.0,2166.0,0.0004294433340790828,0.02921698431979965,-0.1652754590984975,-0.07347710707934425,-0.03941437198067632,0.046162874684001376,0.08716146977016535,0.5416666666666667,3.464646313701803,58.55677092899744,Imperial Tobacco
135.0,2180.0,0.0013718960895946909,0.04569471486747369,-0.2977635782747603,-0.12154704944178629,-0.06329450024222393,0.0714285714285714,0.14795867990886213,0.3565217391304347,0.6476561499872291,7.379047450661183,ING Bank
141.0,2166.0,0.0007147761514290479,0.03252544519136828,-0.2615384615384615,-0.09368553459119498,-0.03218608327836581,0.03911237530269157,0.09240247152474962,0.6883116883116882,5.456823667513933,118.85071896079067,Investor
143.0,2179.0,-8.000039438582976e-05,0.031325481802692345,-0.5246135610440503,-0.09109051587604998,-0.04064185157388097,0.042214385510622975,0.09068363215731598,0.20573810691515448,-1.9529539565303777,45.050663731118384,ISS International
144.0,2165.0,0.0005405816578303171,0.03940071850514569,-0.3548387096774194,-0.09705743509047994,-0.033715377268385915,0.02668191682227386,0.11954095275824608,0.7647058823529411,6.774872797808242,138.61816093283386,Kelda Group
145.0,2183.0,0.0001915410454580285,0.03353270220233736,-0.2797992471769135,-0.08480827561894545,-0.05114939291173278,0.05723781468809613,0.10313806442348251,0.22052067381316998,0.3152312218978162,6.417613504193763,Kingfisher
147.0,2165.0,0.0007374701222714006,0.03618207870976178,-0.2652608213096559,-0.09999999999999998,-0.04548009068557004,0.052517502851902154,0.10526315789473695,0.5473684210526315,1.735212120755994,30.933348825729865,KPN
148.0,2165.0,0.0006105017795635184,0.03864448590653652,-0.2751201169834969,-0.10400071664540035,-0.054618151527772586,0.06459206889545575,0.10849230669077409,0.2142857142857142,0.18219153622447248,4.882845319728765,Lafarge
153.0,2165.0,0.0006352991233441565,0.036738004758852146,-0.21999999999999997,-0.10052173913043477,-0.0526131440685778,0.05332502822250651,0.11832200609327417,0.41176470588235303,1.2212525318529173,15.428596411681163,Linde
154.0,2164.0,0.0022257821908081114,0.0594697107010091,-0.5752401280683032,-0.13048585858585857,-0.06655677655677654,0.07564683319195029,0.15632467532467526,1.3291457286432165,5.3104237180975185,123.46735105352938,Lloyds TSB Group
156.0,2165.0,0.0009716482798269546,0.03509092913765824,-0.19047619047619047,-0.08889306219161319,-0.05014423229424856,0.057474835397835024,0.1061960784313727,0.29032258064516125,0.7976327801613321,7.17947766327134,Lufthansa
157.0,2165.0,0.0006638525622486005,0.03747720229480675,-0.16666666666666663,-0.10508334894174942,-0.05419254658385095,0.06190468783216926,0.1243614942927699,0.2857142857142858,1.116048701776525,8.965234656281506,LVMH
159.0,2165.0,0.0011431694186783174,0.03700627745947135,-0.23728813559322037,-0.09141258741258743,-0.05158948065672573,0.061348081742818486,0.12157174151150056,0.23684210526315796,0.6939337794052178,6.902311232141148,Marks & Spencer
162.0,2165.0,0.0011585931229482348,0.03978893761429896,-0.2976588628762542,-0.09121188757272027,-0.05555555555555558,0.06506189291794685,0.13344627978479606,0.3157894736842106,1.0657731286046288,8.381093536981757,Metro
164.0,2165.0,0.0007002245097598857,0.038742722716031935,-0.31994818652849744,-0.09816931738422709,-0.058754039123032564,0.06594928988411579,0.11832961336309337,0.1847031197584703,-0.07238267017995813,4.8195012172592975,Michelin
165.0,2165.0,0.0008427249608494346,0.03106692994820785,-0.2717391304347826,-0.0887093942054434,-0.03485758029525514,0.040000000000000036,0.12460199004975131,0.2857142857142858,1.8318014469478245,24.844197336784013,O2
169.0,2169.0,0.0016756580438595072,0.05565198015174844,-0.4,-0.1388323590953271,-0.07559665686426244,0.08555826426133582,0.17091709464416763,0.509433962264151,1.0495640776138606,11.220546317797751,Munich Re
171.0,2166.0,0.0006859695910751164,0.03677831911499852,-0.3680781758957654,-0.08393051291931852,-0.04699055565116936,0.04859462968678502,0.10998263888888875,0.565292096219931,2.1435351032602927,38.25703835804069,National Grid Elec
172.0,2165.0,0.0008346927126659286,0.03843007421437424,-0.18942731277533043,-0.11074829931972795,-0.06039900035000032,0.06374813383683142,0.12353320438426896,0.33333333333333326,0.6433592332431515,7.74575459729944,Nestle
173.0,2165.0,0.001592399560658912,0.03957169342740326,-0.6118803037070121,-0.09090909090909094,-0.05000523628747229,0.061845118291332275,0.1333333333333333,0.2881094851590733,-0.9687711609570046,32.710718328619905,Nokia
179.0,2165.0,0.0010878038888223248,0.034956189965077704,-0.160377358490566,-0.10445473684210525,-0.045264845612727186,0.055991099749088565,0.11079646017699127,0.3999999999999999,1.6061930645574045,17.93072882860276,Pearson
181.0,2165.0,0.00029087189172445394,0.031440136100069925,-0.19456457052172194,-0.07799512987012988,-0.04433218866167874,0.046217707618375535,0.09438184621570636,0.28846153846153855,0.8930305114031566,11.53505872541439,Pernod Ricard
183.0,2165.0,0.0015081540286938028,0.04069646682060553,-0.2570872707059477,-0.10733915310250015,-0.05805942705894229,0.06830399440650259,0.11855728813559323,0.3022858578246672,0.45037583126337993,5.237988159003155,Peugeot SA
185.0,2165.0,0.0005914080060109623,0.03344682227579368,-0.16666666666666663,-0.09813592233009705,-0.044876651143005694,0.050000000000000044,0.11724655819774721,0.34615384615384626,1.4962458769756288,15.61431896774329,Philips
186.0,2167.0,0.0004470948696556425,0.03336721009576593,-0.21706398996235887,-0.0815869080089263,-0.04761904761904767,0.059617532197207404,0.11465934065934086,0.2637362637362637,0.6377564979400036,6.312407620728283,Kering
188.0,2116.0,0.006744302612527738,0.12094395901359352,-0.5179576664241541,-0.12354661799816281,-0.06208589554824176,0.08274952765656501,0.14636591024486126,4.663188118429439,28.09055856771153,1049.1481513605643,Portugal Telecom
192.0,2165.0,0.0005629815361067984,0.031774906768996615,-0.21699196326061987,-0.0853111740107026,-0.045863430392100654,0.051086891420930904,0.09992009987515611,0.25,0.44261825094364954,8.317861909481469,Publicis Groupe
196.0,2165.0,0.000778159662624234,0.03438077461730885,-0.15384615384615385,-0.09999999999999998,-0.046774830993239605,0.05401556385671763,0.10946312944172497,0.3170731707317074,1.0555989639689825,9.509986941575981,Reed Elsevier
197.0,2165.0,0.0011067764295361352,0.04054739427106665,-0.22920952101087277,-0.10265607736601975,-0.057127329192546615,0.0694283879254977,0.11896520687539536,0.35270919067215356,0.5639906822758174,6.330064617831066,Renault
198.0,2169.0,0.0017853292869354682,0.048633898221012196,-0.3669902912621359,-0.09728010048836477,-0.04337090713902305,0.050262980818370655,0.12505657708628004,1.0384615384615383,7.855095493975209,141.1797638203569,Rentokil Initial 1927
199.0,2165.0,0.0015899911553548228,0.04805059079066352,-0.31564501372369624,-0.11396098908439534,-0.064510468481345,0.07642251030239915,0.13525873091821455,0.875,3.11042626609109,53.78440662163495,Repsol-YPF
200.0,2165.0,0.0009751482607550583,0.04213530032362615,-0.31986531986531985,-0.125,-0.04681506849315069,0.04875926826635002,0.143981374530754,0.4455445544554455,1.4887003946417432,25.77637172749978,Thomson Reuters
207.0,2165.0,0.0013148179134587468,0.03543845541395258,-0.22807017543859653,-0.09579109062980032,-0.04479239366813321,0.05403723709779091,0.12043636363636381,0.28730600875447676,1.0063297226993206,12.163422343577343,Rolls-Royce
209.0,2162.0,0.0013206060103699534,0.04537910767229452,-0.30000000000000004,-0.12240400954847061,-0.0635921471524584,0.06975129198966393,0.1387653359298928,0.532258064516129,1.2215532620023442,18.467186256383215,Royal & Sun Alliance Group
211.0,2165.0,0.0013597967005762799,0.0393283221096599,-0.275,-0.0963771712158809,-0.05089131651691166,0.05985100804452512,0.11905022831050316,0.5,1.4631790276481764,20.882633030917066,RWE
212.0,2165.0,0.0009746093979891395,0.0350591997221635,-0.21680672268907564,-0.09141509579529374,-0.052631578947368474,0.059900210728573725,0.11224212441715045,0.23706930693069306,0.5012873757618124,5.935502706669123,Safeway
213.0,2165.0,0.0011322354738996473,0.036101485107805364,-0.17647058823529416,-0.0885265392781317,-0.05257745701161607,0.05728844404003634,0.11927092987333975,0.3999999999999999,1.286455904589846,11.969690488442167,J Sainsbury
222.0,2165.0,0.00104190320686921,0.03308147346831105,-0.6222222222222222,-0.05368421052631583,-0.011548484507286738,0.01784804947897863,0.06767752207265919,0.7647058823529411,6.57448589976306,249.6189637835537,Scottish Power UK
225.0,2167.0,0.000667153447601797,0.02653553985934795,-0.147872340425532,-0.08199227762221963,-0.03506724226092027,0.040000000000000036,0.09464510332434876,0.2285276073619631,0.9441652044581118,12.38542008363382,SES Global
227.0,2165.0,0.0005953120810432382,0.032058601926746484,-0.16666666666666663,-0.08333333333333337,-0.04886045075151646,0.05202831417477042,0.10455471187238818,0.24242424242424243,0.7951873324991815,8.561749749463132,Siemens
228.0,2166.0,0.00018719641196865845,0.015464839404823846,-0.3292682926829268,-0.035629364339564026,-0.018111136633190944,0.017786031211478648,0.04269411424149305,0.19999999999999996,-1.3826734638343687,131.7542743163772,SIX Continents
229.0,2165.0,0.00179164719713345,0.05141692651406571,-0.3229532898041184,-0.1290078037904125,-0.07321471524619183,0.08363601967461201,0.1589836660617064,0.3392857142857142,0.5391444708092261,5.923824119071016,Societe Generale
230.0,2165.0,0.0006853941728752303,0.03306742830500556,-0.1869918699186992,-0.09345925925925923,-0.04661250528150127,0.050000000000000044,0.11584039316639377,0.23529411764705888,1.084492904692189,9.297912616086748,Sodexho Alliance
232.0,2165.0,0.0010106153397418953,0.035843394719235235,-0.22503328894806918,-0.08861344537815127,-0.04843813128628227,0.05503264510502411,0.12557504268198064,0.35304054054054035,1.4762409447603677,14.482884672566588,Solvay
237.0,2178.0,0.0008649916469808485,0.034343513162277885,-0.23684210526315785,-0.08935353535353538,-0.04906025560061749,0.05535922640206089,0.11229974160206731,0.2542372881355932,0.7547682235261491,8.99176339092635,Statoil
238.0,2165.0,0.0006808186936757886,0.03799578147571339,-0.24843161856963614,-0.09999999999999998,-0.057915273132664466,0.06179349860180225,0.11810792503951292,0.21359223300970864,0.289398005556022,4.722310010733575,Saint-Gobain
239.0,2165.0,0.0013251153543728607,0.037598714767679266,-0.19999999999999996,-0.09175775387202477,-0.04870180959874117,0.054907538525293974,0.1315241709288899,0.4285714285714286,2.541066386051818,24.13398160021784,STMicroelectronics
240.0,2165.0,0.0007114206393619596,0.034532041392315735,-0.19087353324641454,-0.08668896321070238,-0.05231563867965441,0.05798597548981111,0.10168691156904763,0.21548172757475093,0.418285984777956,3.226047571905763,Stora Enso
241.0,2165.0,0.0006113013159642243,0.030947468614834186,-0.19106317411402163,-0.08741687979539646,-0.04578815679733115,0.053421329507412685,0.1031015367863596,0.2068965517241379,0.39396502241476616,5.66275657675161,Suedzucker
242.0,2180.0,0.0007794443699837732,0.037635117860858075,-0.2142857142857143,-0.09518058173746059,-0.05509385943535815,0.05874147015634446,0.12964729805934178,0.34615384615384626,0.9638142955960408,9.08742058520159,Suez
243.0,2165.0,0.0006358073502780262,0.03194905051061774,-0.2666666666666667,-0.09127331423143163,-0.04293206266557668,0.04615384615384621,0.11082474226804176,0.2857142857142858,0.7061788721369574,14.327308551846599,Svenska Cellulosa
245.0,2165.0,0.0008931722648421067,0.043488611987343724,-0.22229551451187324,-0.10235322772952564,-0.062337845459672865,0.06959932557730207,0.1315897579628035,0.37142857142857144,1.1072358065768704,8.276142920912658,Swiss Re
247.0,2165.0,0.00048827550120570724,0.030464338200906355,-0.18350668647845458,-0.08398281889921094,-0.04281449893390188,0.052310497369679576,0.10375290882166291,0.1721311475409837,0.422970861149518,5.02115336012719,Tate & Lyle
249.0,2165.0,0.0013582256550420623,0.03930287677924866,-0.24853310980720866,-0.09793548387096775,-0.05722852733362029,0.06793321987413133,0.11663083808285243,0.23076923076923084,0.47825784228249213,3.9953109879933306,Telecom Italia
250.0,2164.0,0.0002928991192388471,0.030896625499121033,-0.31009830205540667,-0.09587498594018473,-0.042034537556868624,0.043986851465746865,0.11111111111111116,0.2569437430562569,0.46576181128041094,15.42281509686864,TDC
251.0,2165.0,0.0012656538152713544,0.042420434204845675,-0.3280044101433296,-0.10759832199377353,-0.06155624573434446,0.0705948006369295,0.13373068121809545,0.24309723889555812,0.3094408008278294,4.593336292898816,Telefonica
252.0,2165.0,0.0006586070994824585,0.03499852462448539,-0.19181585677749358,-0.09405405405405406,-0.04878048780487809,0.053262316910785534,0.11401863841236164,0.2941176470588236,1.1282500298460558,9.687157551047143,Telenor
253.0,2164.0,0.0007432392242537638,0.036996102506533526,-0.17615658362989328,-0.09346229696243297,-0.050000000000000044,0.05263157894736836,0.11764705882352944,0.7818181818181817,4.817164379633976,95.31006466374866,TeliaSonera
255.0,2165.0,0.0017068754675997472,0.03604602398231987,-0.19866814650388454,-0.08939393939393939,-0.049300953208177026,0.061390473582970985,0.12645161290322635,0.22178150498640092,0.9111580569254385,6.2042628661096195,Tesco
258.0,500.0,0.11639307283085612,1.4848921223464229,-0.972318565243945,-0.3104334576740768,-0.08723054439166975,0.17769141150380668,0.5878285714285708,27.91125977923362,15.794944726437876,270.3824313881814,Thomson
259.0,2165.0,0.0014524206592873101,0.04257791675547468,-0.2400990099009901,-0.10042603593872743,-0.06335768191438293,0.07204976051525983,0.13684041424022514,0.3181818181818181,0.6181978597883878,4.691633303527552,ThyssenKrupp
261.0,2165.0,0.001135632513162013,0.03863748372409816,-0.3076923076923077,-0.09433746425166828,-0.0545746812058397,0.06136970594797432,0.11764705882352944,0.33333333333333326,1.1073410603537501,11.765898396571002,Total
262.0,2165.0,0.0006619607378463252,0.03486769283344113,-0.29429266973221535,-0.09470337922403002,-0.049401881061531185,0.05707792207792202,0.1108860759493671,0.2544365061073981,0.45909727781583154,9.271047148597447,PostNL
265.0,2163.0,0.0008045271718124098,0.037781089328015556,-0.19999999999999996,-0.10194973517134934,-0.054545454545454564,0.0555248618784531,0.11470329670329686,0.3449612403100777,1.478584899925514,14.413207391414915,Unilever NV
266.0,2167.0,0.0014626823458662483,0.048316793753113596,-0.3678462210572303,-0.11047893723194266,-0.06634454727687719,0.07407787153670103,0.15239850988633152,0.5060240963855422,1.4938303350820061,15.091807505924855,Union Fenosa
267.0,2078.0,0.0008479715915169367,0.033172826893715354,-0.2857142857142857,-0.07875407915655586,-0.03066755800042901,0.031566335919387005,0.0936082331574852,0.7666666666666666,7.426353498113947,163.60720451534107,United Business Media
268.0,2165.0,0.0005941791748803768,0.03258681296345038,-0.15936485859990723,-0.08013018209996126,-0.044379084967320216,0.050000000000000044,0.10397753794069339,0.28683624428554677,1.2555846345785955,10.268243316848057,United Utilities
270.0,2165.0,0.0006690892556828732,0.03672094838428832,-0.21105383734249716,-0.08931988705123034,-0.054207973668694544,0.062123792493645066,0.11186907710302633,0.2914496527777777,0.5048565855687742,4.190528720920351,UPM-Kymmene
272.0,2165.0,0.0007021197553178426,0.038492069953021006,-0.21072961373390553,-0.09585388127853883,-0.05909630618417936,0.0691719621947678,0.10723618678334622,0.23683633172444063,0.5148372636263002,3.7096879317792792,Valeo
273.0,2165.0,0.0008294059734076469,0.035611203840728085,-0.24590163934426235,-0.09556776556776556,-0.04802648332060095,0.052984808740553155,0.11232570453609587,0.320754716981132,1.1899692825813688,13.21670192948206,Vattenfall
274.0,2165.0,0.0008036837479509719,0.03787805451660495,-0.22764227642276424,-0.09407332365542295,-0.05331955642227191,0.058844723897665964,0.13198515118896956,0.30841121495327095,0.9797393208185317,8.242271621718675,Veolia Environnement
275.0,2165.0,0.0004743265508542796,0.0342482248022398,-0.23367346938775513,-0.09090909090909094,-0.049772258170498504,0.054943409421649964,0.1029033403061934,0.3304001676094701,0.5999094510178552,10.422308120172525,Vinci
276.0,2183.0,0.0006670584383933705,0.03494261658600076,-0.196078431372549,-0.09884165736072333,-0.04841811064480883,0.05479222372579007,0.11579185520361958,0.2234209009305772,0.6419837844808386,7.038016659474698,Vivendi
277.0,2164.0,-0.00041858532544276623,0.026192179879519644,-0.2538635391851445,-0.08207405724670606,-0.035488305941845856,0.039198648322471684,0.07965876547315337,0.2283503255128363,-0.5063692758823501,20.702201318505626,The Nielsen Company
278.0,2165.0,0.0007849154745605399,0.032049025089915945,-0.2561904761904762,-0.08361370716510906,-0.04332694073793959,0.05054614383041529,0.0982086443938513,0.24752475247524752,0.6240370595151676,7.642352668754574,Vodafone Group
279.0,2165.0,0.0011219512438221393,0.03884541054580876,-0.2829489291598024,-0.09090909090909094,-0.0562314190995615,0.06223261841734401,0.12424575738529244,0.22255790533736164,0.566475809238739,4.862668358495498,Volvo
280.0,2165.0,0.0013321453648395926,0.04589037503559995,-0.2740484429065744,-0.10343434343434342,-0.0588969353039992,0.0655164617278551,0.12214862116757132,0.74429102496017,3.481311335261695,51.3794435961361,Volkswagen
281.0,2165.0,0.0007021371382072885,0.03544608932987936,-0.19999999999999996,-0.0868409598479449,-0.04867120929145836,0.05656121435664628,0.11721713523213569,0.3999999999999999,1.424800758101268,14.515329606224025,Wolters Kluwer
282.0,2183.0,0.000517423616284863,0.03220384043399016,-0.22308690012970167,-0.08792982456140355,-0.04708264657713067,0.05261484394611326,0.10382020487460257,0.26503860657209555,0.6896890832599114,8.652329453260359,WPP
285.0,2182.0,0.0009913215521084472,0.044816679809445974,-0.22930903568716776,-0.10992149602385688,-0.06207255194811068,0.07201362792782597,0.12890612382421582,0.3580246913580247,0.8313931999105774,6.611386208403896,Zurich Insurance
553.0,2166.0,0.0010904411829367538,0.041119382018622294,-0.275065963060686,-0.11888172043010753,-0.0587272197519533,0.06542665780507978,0.1377591706539072,0.3501762632197416,0.8645238098712221,11.232362804984092,Santander UK
554.0,2166.0,0.0018914714898704314,0.050699581774623706,-0.33234200743494424,-0.1325098814229249,-0.0731209150326797,0.0810355026481398,0.14184782608695634,0.38095238095238093,0.44437112148734487,6.533058104923725,BBVA
555.0,2166.0,0.0018900878661074272,0.05094191996428503,-0.33881975110397433,-0.13385826771653542,-0.07337920489296637,0.08471316818774444,0.15697325603256967,0.30434782608695654,0.263634310763411,4.878484676238323,Banco Santander
556.0,2166.0,0.0022609490198188453,0.04631582708169215,-0.2943389772532923,-0.12098245614035089,-0.06440075132281076,0.0772468170595923,0.14760854617985256,0.3864306784660767,0.49424809632847105,8.538982157612658,Banco Comercial Portugues
557.0,2170.0,0.0019756053640910317,0.050682594263551636,-0.32431171255249647,-0.1265403264500176,-0.06879686464326178,0.08205302516107497,0.15509479176927762,0.4179104477611941,0.7426246346056298,7.604602188284627,Unicredit
558.0,2183.0,0.0021637393974166834,0.05479376990247993,-0.32431171255249647,-0.13737660581473965,-0.074814589785095,0.08396204381745417,0.15800851207281605,0.5909090909090908,1.0379281376878036,11.748553081853398,Capitalia
559.0,2166.0,0.0017773181091171376,0.05045457079548913,-0.3312883435582822,-0.12837944664031622,-0.06852099942115292,0.07970728865654825,0.14341269841269821,0.5533980582524272,0.7946361412318926,12.483816011486333,Commerzbank
560.0,2166.0,0.0019695969417841746,0.04961761823716666,-0.4642857142857143,-0.13051925443229795,-0.06666666666666665,0.08220955163691768,0.14020787938126775,0.40909090909090917,0.179161193150913,10.138823091881244,Deutsche Bank
561.0,2166.0,0.001670040835599439,0.04815132692517347,-0.3312883435582822,-0.11847058823529413,-0.06888100067613254,0.08004803843074454,0.14054626363379524,0.35922330097087385,0.5143652328191481,6.969428961775808,Dresdner Bank
562.0,2184.0,0.0011641182076208001,0.03861398785319948,-0.23166023166023164,-0.09689849441476442,-0.05798420242617769,0.06731980300687354,0.11770461278036398,0.25835496430889027,0.5521720728117254,4.488255444799334,GKN Holdings
563.0,2179.0,0.0015828915915523422,0.04809861601229013,-0.2777777777777778,-0.11696403814050876,-0.0656821976847177,0.07761493601419656,0.14711487603305773,0.41891891891891886,0.644167041642956,7.794787590208244,HSBC Bank
564.0,2165.0,0.0025119173791440896,0.05112036789532281,-0.36543090996629746,-0.13144100889827798,-0.0711445586301209,0.08235199604498825,0.1492517332058333,0.43702579666160846,0.6779008905371466,9.495699994381063,Banca Monte dei Paschi di Siena
565.0,2164.0,0.0015904449650767133,0.04733266997377649,-0.5,-0.1224385964912281,-0.0598534274734114,0.07147265801670498,0.14414086687306482,0.40096618357487923,0.14333671010372653,14.089908492604188,Royal Bank of Scotland
566.0,2173.0,0.001170346263383331,0.04525983658351463,-0.5,-0.06947588338751798,-0.014876555897699983,0.01503565943435292,0.07509218054672648,1.2448979591836733,14.671043908395967,388.23260199909555,Stagecoach Group
567.0,2165.0,0.0011037270516401855,0.034811006477706206,-0.19999999999999996,-0.10233356097753017,-0.043868055356306064,0.04916785796226683,0.11508021390374377,0.41428157029588064,2.178548468489839,24.392751439680886,Technip
568.0,2183.0,0.0021573618016996646,0.054679258977626,-0.32431171255249647,-0.13652406417112298,-0.07472910206012466,0.08396204381745417,0.15800851207281605,0.5909090909090908,1.046165259564285,11.850221537260392,Unicredito Italiano
569.0,2037.0,0.0026265180320689764,0.08037851360181728,-0.5466867469879518,-0.16814645308924486,-0.06339886883921357,0.07094387979005358,0.21477714627580013,2.206600482962168,12.395398406106041,312.2591513303734,ABN Amro
570.0,2166.0,0.0017409137340525433,0.04997405236796615,-0.35,-0.12427425077218464,-0.06627429615621894,0.08143349495415242,0.14601604278074853,0.32461734693877564,0.0007459621640598312,7.174107088155779,Barclays
571.0,2166.0,0.001071251854177428,0.04257123892752045,-0.3614457831325302,-0.10761908823979666,-0.059275389029581904,0.06889971045011839,0.12755300025783106,0.29032258064516125,-0.03553528768226501,12.531728636228166,HBOS
572.0,2166.0,0.0027437708524564166,0.05351036291796288,-0.3943093898364691,-0.1519570707070707,-0.06432097628239458,0.08390015805134315,0.1516652906353749,0.7156313168149706,1.3260361066196864,26.39120781158024,Banco Espirito Santo
573.0,2165.0,0.0019464212799860145,0.050962294098517956,-0.25857021437340644,-0.12313752758757286,-0.07080808080808079,0.07686515132433662,0.15670748299319737,0.5629863185455617,1.2949405660273847,12.89170764083462,Glencore
574.0,2165.0,0.0021188586127319966,0.05420778645038926,-0.2882787750791974,-0.1468039371788377,-0.07701439810511404,0.08732748501569182,0.1602777129690691,0.375,0.4980134320613492,5.195597110795077,Sanpaolo IMI
575.0,2179.0,0.0019064591308956959,0.05184024693003448,-0.44354838709677424,-0.1313223684210526,-0.06344450745074032,0.0705840455840455,0.16150032409769985,0.5217391304347827,1.1215072076000494,17.258547569878953,Standard Chartered Bank
586.0,2166.0,0.001579503615944952,0.04418458560279426,-0.24066719618745036,-0.1040759878078216,-0.05346351580803338,0.06423327837529208,0.13577441077441058,0.665686274509804,3.417091410601502,41.73189289831705,BP
587.0,2165.0,0.0021188586127319966,0.05420778645038926,-0.2882787750791974,-0.1468039371788377,-0.07701439810511404,0.08732748501569182,0.1602777129690691,0.375,0.4980134320613492,5.195597110795077,Intesa San Paolo
909.0,2169.0,0.0005340563514566337,0.03329457926282673,-0.1826923076923077,-0.09413220662396071,-0.04826302729528542,0.053478947716468224,0.0955240895630556,0.3182674199623352,0.7373959790918625,10.079986319387256,Sanofi-Aventis
919.0,2166.0,0.000843806043300767,0.041899857536327134,-0.3421052631578947,-0.09794481981981981,-0.05623640568818547,0.06005430663844458,0.11616819051965833,0.48,2.3711824824307355,29.152903270959996,Clariant
922.0,2179.0,0.0015996089606678844,0.04628913405414709,-0.3089149965445749,-0.11619323759629101,-0.06315789473684208,0.0734747802255218,0.13581947837348407,0.4608695652173913,0.9704458398200805,12.87415761029535,Credit Suisse
1015.0,2166.0,0.001006940901840614,0.03375679094906613,-0.19780219780219777,-0.09192305463997204,-0.04749167313044672,0.054685278519976344,0.11016716104313419,0.270799049186323,0.8160080866513049,8.34983466352623,Centrica
1017.0,2166.0,0.0014399663453801622,0.04196338417325102,-0.20858609426038266,-0.1054798761609907,-0.059445488721804524,0.06585945523787273,0.12500400458027247,0.28125,0.785963938101367,5.834890133653818,Banca Popolare
1025.0,2166.0,0.0010587776335853158,0.04965097602646099,-0.7058823529411764,-0.10901565772414479,-0.05706134094151216,0.06405915387342448,0.13693950514803302,1.173160173160173,5.531527285112659,169.64027280314795,Ciba
1046.0,2183.0,0.001161338025014974,0.043820232126554955,-0.17561225478659337,-0.09203211020420617,-0.052937764616848224,0.05935804933746873,0.12363992116832523,0.6666666666666667,4.378747286633726,52.56981066460692,Wendel Investissement
1048.0,2165.0,0.0008208465050926072,0.036866092962407025,-0.2483894058697208,-0.0985063752276867,-0.050187239029812016,0.05882352941176472,0.125,0.2727272727272727,1.0967697517727426,9.937716727619183,Telekom Austria
1052.0,2166.0,0.002164788073631697,0.056733513031016716,-0.3797991730655641,-0.14955213903743314,-0.07929717250571208,0.09233235320599431,0.1750245836637585,0.46341463414634143,0.48574799570573607,7.381305751023287,BNP Paribas
1095.0,2165.0,-0.0001987876083717874,0.030776630603072997,-0.16174582798459558,-0.0860113459541138,-0.04635197863252116,0.04914641457971997,0.0996474908200736,0.3076923076923077,0.8816153884395669,9.721314837606347,Gecina
1115.0,2165.0,0.0007127156752751346,0.0375471184585634,-0.18965517241379315,-0.10943962317282335,-0.051262822748696514,0.056580992132262566,0.11614680422151076,0.34743965256034737,1.1085017644422117,11.0127929013517,Lanxess
1118.0,2165.0,0.000658198698652412,0.0345283781740162,-0.2353643966547193,-0.08581043598855859,-0.04755209261389104,0.054778573365015085,0.11007954420069688,0.38364713348847035,1.5018197024740647,17.260115885819207,ITV PLC
1138.0,2165.0,0.0008093272191625757,0.036684082569782964,-0.23424068767908302,-0.08981229384667881,-0.05191219479398945,0.06100928501286139,0.12128078817734006,0.2617214835549335,0.7258083915910348,6.182012208493532,Next PLC
1141.0,2180.0,0.0015600067432000769,0.05029465479207082,-0.2932846048423938,-0.1311882300089847,-0.07248317358252454,0.08279073623701069,0.1469255455712452,0.3999999999999999,0.556907249909132,5.916271470059609,Credit Agricole
1161.0,2166.0,0.0010466486729630616,0.05247920966564123,-0.475,-0.08862217682442401,-0.0002687088539569116,0.0001799189284311109,0.06006801982845802,1.0796460176991154,12.364652096602711,237.89698126443574,Unibail
1162.0,2165.0,0.0006276247947686597,0.027250779395436672,-0.19117647058823528,-0.08048920266083141,-0.037604705145184505,0.04347826086956519,0.0929899565689469,0.22222222222222232,0.5994784621955986,9.840551717395709,Swedish Match
1345.0,2165.0,0.0012974861460943285,0.046977240452198296,-0.31034482758620685,-0.1235964912280702,-0.06278067101620433,0.07099264431953825,0.14339903828220352,0.47982062780269064,0.7342693769833247,11.92695972732839,UBS
1370.0,2129.0,0.0005383609887363425,0.0352131506637163,-0.2857142857142857,-0.09090909090909094,-0.04878048780487809,0.045248868778280604,0.11747183979974955,0.5625,3.015456780929257,44.43320168640809,Japan Tobacco
1408.0,2165.0,0.0005197500503903295,0.03208628659847578,-0.1904394757131842,-0.08532522796352586,-0.04536810422937125,0.04713537856118762,0.10985041718403686,0.33333333333333326,1.586055283930782,16.682669324433128,Rentokil Initial
1506.0,2166.0,0.0016386902168934686,0.04598401884899842,-0.29071432097546523,-0.0987254901960784,-0.06133546770064294,0.07393989510697896,0.1519205213897645,0.5258642684015817,1.4183984709269473,15.973497244475716,Xstrata
1507.0,2160.0,0.00024706426042023726,0.03337671569028589,-0.19900000000000007,-0.09090909090909094,-0.04762297963677413,0.04770374448026947,0.10766081871344953,0.442580164056674,1.8895238031110702,23.103374508467194,Sabmiller
1903.0,2179.0,0.0005633637775796006,0.03388234758880406,-0.1875563570784492,-0.08598258125726227,-0.04175118371935089,0.04596245668934771,0.10044897959183637,0.59375,4.138655103351526,63.09213752494017,Carlsberg
2576.0,2179.0,0.0012757263398614008,0.03619010091052395,-0.2142857142857143,-0.08912913603335863,-0.048846035573826246,0.05920493150898401,0.12245407706642925,0.3870967741935485,1.427450976130801,13.672134356111538,Royal Dutch Shell
2611.0,952.0,0.00011036354314885933,0.024352376238398185,-0.19411981793578548,-0.058702922088477785,-0.03145838633285862,0.03274305928769662,0.07194104666808296,0.26271534044298606,1.5889141982691537,24.04164071992244,Anheuser-Busch
2615.0,957.0,-0.0005025299318462757,0.039011788630938696,-0.28674565560821486,-0.09312145273828613,-0.05201345584454624,0.05803766118063912,0.1097823085655386,0.3407517629552954,0.9840710583046495,13.470020808687451,Brisa
2894.0,437.0,0.0017021812450416238,0.037383874710608035,-0.1361760660247593,-0.09454766098018573,-0.04846374443007695,0.06801553344820144,0.12498342476899396,0.26191424399309704,1.1509207099942358,7.188549171970758,ING Bank
2895.0,436.0,0.0024507251272488035,0.04548396051349116,-0.13602432955487975,-0.09406446827487693,-0.05875193868800499,0.07135941704669851,0.11557512041301046,0.35440835266821336,2.023980851074088,13.350358064508335,Lloyds TSB Group
2897.0,436.0,0.0013055399885399835,0.03885766979228777,-0.12445515026382203,-0.0902362071934814,-0.05296387785057105,0.05947850748433725,0.1348088264193209,0.31414347715088065,1.7327519401648637,11.213212751994117,Societe Generale
2899.0,438.0,0.00248786788663509,0.03860071618065662,-0.17073749110742242,-0.08596132635570744,-0.053582426990925115,0.06261915362871086,0.1041436377499081,0.251889353584269,0.7253042741777529,5.458482121837367,BBVA
2900.0,437.0,0.002656087396346489,0.03904212376583135,-0.17310640907697028,-0.09074461407249475,-0.05374903716570587,0.06847655553137762,0.0992453800162584,0.23802914642609307,0.5955164700330822,4.52005393670994,Banco Santander
2901.0,438.0,0.0016024665327296532,0.03380222287229389,-0.21460311928204234,-0.07831494197311609,-0.05003709814139242,0.056271095833129225,0.09826700091609598,0.20941572834471134,0.22635764608711562,7.432531072697419,Commerzbank
2902.0,437.0,0.0032193488449715427,0.03665128316272858,-0.19885288213363916,-0.09175105191609648,-0.052478545889585136,0.0664585358482453,0.1216778856491987,0.1732665087844909,0.15998879067086597,4.762012958015077,Deutsche Bank
2903.0,437.0,0.0024508576079644417,0.03967888830341966,-0.15576694411414982,-0.10301164516210164,-0.056858335777134485,0.06269436972172254,0.10180392711191431,0.2597774974194289,0.6732948245060818,5.999526726456098,HSBC Bank
2904.0,436.0,0.0024956851555668655,0.042784004423794736,-0.21022727272727282,-0.11026679383342737,-0.05133987687760244,0.06459855230939021,0.13414138303819234,0.2987048773766876,1.1549146552219753,9.736239872599626,Royal Bank of Scotland
2905.0,436.0,0.002612903924770299,0.04014464767170872,-0.1787219501082129,-0.08463516395774492,-0.058685876357684796,0.061792342987853244,0.12467868076237118,0.24698491052897298,0.7497704573187151,4.983113475149149,Unicredito Italiano
2906.0,438.0,0.0026486742453269373,0.04351847401639437,-0.12277203041256401,-0.09578127726263878,-0.055408810077830314,0.07022349538404266,0.12374537501191268,0.3099787685774946,1.7589182507049475,11.01232714532854,Barclays
2907.0,436.0,0.0020739423528704326,0.0376724630241939,-0.17780321744893646,-0.09220546117734697,-0.054089708722396185,0.06155030040895321,0.08756759553014831,0.2250461765792391,0.4798192955947052,4.816308157269352,Standard Chartered Bank
2908.0,438.0,0.002336464934494717,0.04058826486894818,-0.17790200591910554,-0.09272073532638722,-0.060420864621937596,0.06506734681158169,0.10580404404561305,0.28770539906103276,0.8763838877591603,7.229876925964728,Intesa San Paolo
2909.0,437.0,0.004111938395309997,0.04490698521253743,-0.1827808959017262,-0.11141707293882314,-0.04391311818346113,0.05803333333333338,0.1166615109013845,0.5545485832281747,4.6164855323076575,55.115036329569826,Credit Suisse
2910.0,438.0,0.0016740607285475244,0.0374121263391301,-0.12744982983217934,-0.08915584707275451,-0.04997679858939235,0.059018659990433944,0.1226941708026268,0.2542748185508672,1.0991529244195029,6.313945543874539,BNP Paribas
2911.0,438.0,0.0015901756931672537,0.03683815430401327,-0.12731753109598676,-0.09096724118985439,-0.04975741914200388,0.05755360254241532,0.11351206159370004,0.2763241863433312,1.2816131072489643,8.6609994529559,Credit Agricole
2912.0,436.0,0.0018794618658131014,0.037658006062714376,-0.14005403099672975,-0.0919623746785524,-0.05281156845953189,0.05935264587945904,0.09464470308967605,0.22161480235492004,0.9678714434092145,5.903601982430757,UBS
2924.0,429.0,0.000891288937351588,0.03233172197312918,-0.11274228695951372,-0.07734599815123162,-0.045339308043472436,0.046093954330599186,0.08416755993359794,0.3353577247815138,2.6465233633764638,27.924074469845092,Danske Bank
2927.0,427.0,0.002140578018164973,0.03454888963710503,-0.16033364226135305,-0.08245833249791366,-0.0502617336852455,0.05251200561830223,0.0937515651288581,0.2323517994787332,0.8990676917682968,8.21439500198379,Mediobanca - Banca di Credito Finanziario
2930.0,427.0,0.002273685524523406,0.035423228083431374,-0.1400341199886267,-0.08340532410597358,-0.04337784237700978,0.053445965417867454,0.1062681963867665,0.33721291123525776,2.315277362357513,21.577519543591375,Svenska Handelsbanken
3082.0,428.0,0.002315552514841745,0.039408173691856986,-0.13842333954065789,-0.09647798710957343,-0.05110597101381993,0.06778447151399157,0.1202465170944685,0.26536650975117704,1.0142331757983414,6.491026217217886,Rabobank
3122.0,374.0,0.0007439628926041582,0.027705383683678104,-0.1965233545647559,-0.08171190968681719,-0.028548330015539414,0.028188030274463337,0.11372732527641016,0.19578193394349386,0.9705853518266848,21.443455758610057,Bayerische Landesbank
